year,month,theme,event_count,avg_tone,avg_mentions,positive_pct,negative_pct
2020,1,AFFORDABLE_HOUSING_UAE,48,1.51,67.31,56.25,14.58
2020,1,ARAMCO_UAE_OIL,45,1.22,64.84,57.78,13.33
2020,1,DLD_TRANSACTIONS,51,0.29,93.41,41.18,27.45
2020,1,DUBAI_INFRASTRUCTURE,42,1.36,73.4,47.62,19.05
2020,1,DUBAI_LUXURY_REAL_ESTATE,52,1.91,75.79,59.62,11.54
2020,1,DUBAI_PROPERTY_PRICES,44,0.81,86.73,50.0,25.0
2020,1,DUBAI_RENTAL_MARKET,33,1.46,88.61,48.48,9.09
2020,1,DUBAI_TOURISM,38,1.16,59.37,60.53,15.79
2020,1,EXPO2020_DUBAI,47,0.45,72.89,44.68,27.66
2020,1,GOLDEN_VISA_UAE,44,1.52,71.34,54.55,15.91
2020,1,OFFPLAN_SALES_UAE,46,0.7,72.43,47.83,19.57
2020,1,PROPTECH_UAE,40,0.92,74.03,42.5,12.5
2020,1,REITS_UAE,38,1.41,75.08,57.89,13.16
2020,1,SUSTAINABLE_BUILDINGS_UAE,42,0.06,67.05,35.71,26.19
2020,1,UAE_CRYPTO_REGULATION,41,0.58,70.41,43.9,26.83
2020,1,UAE_ECONOMY_GROWTH,43,0.21,76.79,34.88,25.58
2020,1,UAE_FINTECH,36,0.39,77.28,47.22,22.22
2020,1,UAE_MORTGAGE_MARKET,48,0.14,83.04,37.5,25.0
2020,1,UAE_PROPERTY_INVESTMENT,33,1.3,73.06,51.52,15.15
2020,1,UAE_REAL_ESTATE_MARKET,33,1.77,85.06,54.55,3.03
2020,2,AFFORDABLE_HOUSING_UAE,34,1.23,71.53,61.76,17.65
2020,2,ARAMCO_UAE_OIL,32,1.18,78.59,56.25,15.62
2020,2,DLD_TRANSACTIONS,46,1.27,72.54,58.7,15.22
2020,2,DUBAI_INFRASTRUCTURE,49,1.08,73.94,51.02,18.37
2020,2,DUBAI_LUXURY_REAL_ESTATE,35,1.56,83.86,51.43,14.29
2020,2,DUBAI_PROPERTY_PRICES,39,0.59,72.51,46.15,23.08
2020,2,DUBAI_RENTAL_MARKET,39,0.91,78.64,53.85,20.51
2020,2,DUBAI_TOURISM,40,1.27,80.28,52.5,10.0
2020,2,EXPO2020_DUBAI,40,0.42,87.12,45.0,25.0
2020,2,GOLDEN_VISA_UAE,40,1.27,80.62,50.0,17.5
2020,2,OFFPLAN_SALES_UAE,33,1.52,73.88,51.52,12.12
2020,2,PROPTECH_UAE,39,1.55,76.82,58.97,12.82
2020,2,REITS_UAE,46,1.24,73.2,50.0,15.22
2020,2,SUSTAINABLE_BUILDINGS_UAE,38,-0.28,78.16,34.21,26.32
2020,2,UAE_CRYPTO_REGULATION,39,1.35,87.18,48.72,15.38
2020,2,UAE_ECONOMY_GROWTH,42,0.77,77.88,42.86,16.67
2020,2,UAE_FINTECH,37,1.23,74.11,62.16,18.92
2020,2,UAE_MORTGAGE_MARKET,38,1.33,86.42,68.42,23.68
2020,2,UAE_PROPERTY_INVESTMENT,31,0.61,85.16,41.94,22.58
2020,2,UAE_REAL_ESTATE_MARKET,45,1.11,66.27,55.56,17.78
2020,3,AFFORDABLE_HOUSING_UAE,31,1.76,85.42,64.52,9.68
2020,3,ARAMCO_UAE_OIL,39,-0.31,69.05,35.9,25.64
2020,3,DLD_TRANSACTIONS,45,0.22,75.0,33.33,22.22
2020,3,DUBAI_INFRASTRUCTURE,42,1.34,77.74,52.38,14.29
2020,3,DUBAI_LUXURY_REAL_ESTATE,44,0.37,68.86,52.27,29.55
2020,3,DUBAI_PROPERTY_PRICES,41,1.0,69.9,51.22,14.63
2020,3,DUBAI_RENTAL_MARKET,53,0.84,73.74,49.06,16.98
2020,3,DUBAI_TOURISM,45,1.11,78.24,51.11,17.78
2020,3,EXPO2020_DUBAI,47,0.99,78.06,53.19,23.4
2020,3,GOLDEN_VISA_UAE,45,0.29,77.76,48.89,28.89
2020,3,OFFPLAN_SALES_UAE,50,1.13,75.6,58.0,22.0
2020,3,PROPTECH_UAE,31,2.16,59.97,58.06,6.45
2020,3,REITS_UAE,35,1.31,67.37,60.0,22.86
2020,3,SUSTAINABLE_BUILDINGS_UAE,30,-0.19,90.33,40.0,30.0
2020,3,UAE_CRYPTO_REGULATION,50,0.72,79.02,44.0,18.0
2020,3,UAE_ECONOMY_GROWTH,52,1.03,76.54,53.85,21.15
2020,3,UAE_FINTECH,45,0.85,68.42,48.89,17.78
2020,3,UAE_MORTGAGE_MARKET,41,1.32,86.41,56.1,21.95
2020,3,UAE_PROPERTY_INVESTMENT,40,0.46,66.12,47.5,25.0
2020,3,UAE_REAL_ESTATE_MARKET,31,2.21,80.61,74.19,6.45
2020,4,AFFORDABLE_HOUSING_UAE,44,2.0,69.61,61.36,11.36
2020,4,ARAMCO_UAE_OIL,43,0.15,67.93,39.53,23.26
2020,4,DLD_TRANSACTIONS,41,1.13,79.85,58.54,17.07
2020,4,DUBAI_INFRASTRUCTURE,49,0.28,76.65,46.94,30.61
2020,4,DUBAI_LUXURY_REAL_ESTATE,47,1.16,77.96,53.19,21.28
2020,4,DUBAI_PROPERTY_PRICES,41,0.66,75.2,51.22,26.83
2020,4,DUBAI_RENTAL_MARKET,53,0.67,81.06,45.28,16.98
2020,4,DUBAI_TOURISM,44,2.59,72.32,72.73,2.27
2020,4,EXPO2020_DUBAI,40,1.0,75.62,60.0,12.5
2020,4,GOLDEN_VISA_UAE,40,0.77,83.2,40.0,22.5
2020,4,OFFPLAN_SALES_UAE,30,0.37,75.5,36.67,23.33
2020,4,PROPTECH_UAE,44,0.37,71.57,45.45,31.82
2020,4,REITS_UAE,46,0.96,80.48,54.35,17.39
2020,4,SUSTAINABLE_BUILDINGS_UAE,43,0.89,71.05,48.84,23.26
2020,4,UAE_CRYPTO_REGULATION,43,0.69,68.95,53.49,25.58
2020,4,UAE_ECONOMY_GROWTH,44,0.62,78.36,43.18,25.0
2020,4,UAE_FINTECH,42,1.33,79.71,47.62,14.29
2020,4,UAE_MORTGAGE_MARKET,34,0.53,69.03,35.29,23.53
2020,4,UAE_PROPERTY_INVESTMENT,42,1.49,76.21,59.52,16.67
2020,4,UAE_REAL_ESTATE_MARKET,39,1.84,76.03,58.97,7.69
2020,5,AFFORDABLE_HOUSING_UAE,39,1.02,80.95,51.28,23.08
2020,5,ARAMCO_UAE_OIL,43,1.82,77.44,58.14,9.3
2020,5,DLD_TRANSACTIONS,46,1.73,71.35,56.52,13.04
2020,5,DUBAI_INFRASTRUCTURE,48,1.07,73.5,54.17,16.67
2020,5,DUBAI_LUXURY_REAL_ESTATE,42,0.35,71.43,45.24,33.33
2020,5,DUBAI_PROPERTY_PRICES,42,1.32,77.48,52.38,11.9
2020,5,DUBAI_RENTAL_MARKET,38,1.29,74.47,63.16,18.42
2020,5,DUBAI_TOURISM,47,0.79,68.85,42.55,27.66
2020,5,EXPO2020_DUBAI,45,0.41,78.6,55.56,20.0
2020,5,GOLDEN_VISA_UAE,27,1.33,68.78,44.44,7.41
2020,5,OFFPLAN_SALES_UAE,34,0.78,82.32,47.06,23.53
2020,5,PROPTECH_UAE,37,1.13,71.51,45.95,16.22
2020,5,REITS_UAE,34,0.87,78.56,55.88,20.59
2020,5,SUSTAINABLE_BUILDINGS_UAE,50,0.58,76.18,50.0,22.0
2020,5,UAE_CRYPTO_REGULATION,47,0.32,87.15,40.43,23.4
2020,5,UAE_ECONOMY_GROWTH,38,0.3,80.55,44.74,26.32
2020,5,UAE_FINTECH,44,1.34,72.14,45.45,13.64
2020,5,UAE_MORTGAGE_MARKET,40,0.95,75.85,52.5,17.5
2020,5,UAE_PROPERTY_INVESTMENT,47,0.76,72.87,44.68,19.15
2020,5,UAE_REAL_ESTATE_MARKET,43,0.8,80.12,51.16,20.93
2020,6,AFFORDABLE_HOUSING_UAE,45,0.78,65.93,53.33,24.44
2020,6,ARAMCO_UAE_OIL,32,1.05,68.75,53.12,21.88
2020,6,DLD_TRANSACTIONS,52,-0.07,82.79,40.38,34.62
2020,6,DUBAI_INFRASTRUCTURE,31,1.74,86.16,58.06,19.35
2020,6,DUBAI_LUXURY_REAL_ESTATE,46,1.42,69.24,56.52,15.22
2020,6,DUBAI_PROPERTY_PRICES,45,1.26,66.38,51.11,13.33
2020,6,DUBAI_RENTAL_MARKET,45,1.57,84.38,53.33,13.33
2020,6,DUBAI_TOURISM,40,1.56,76.85,60.0,12.5
2020,6,EXPO2020_DUBAI,45,1.02,70.02,46.67,17.78
2020,6,GOLDEN_VISA_UAE,27,2.35,77.19,66.67,7.41
2020,6,OFFPLAN_SALES_UAE,46,0.76,76.87,52.17,21.74
2020,6,PROPTECH_UAE,47,1.35,72.55,55.32,17.02
2020,6,REITS_UAE,36,0.73,66.25,52.78,22.22
2020,6,SUSTAINABLE_BUILDINGS_UAE,50,0.86,72.34,58.0,16.0
2020,6,UAE_CRYPTO_REGULATION,44,0.55,78.7,43.18,22.73
2020,6,UAE_ECONOMY_GROWTH,48,1.44,74.04,54.17,20.83
2020,6,UAE_FINTECH,44,0.99,70.25,54.55,18.18
2020,6,UAE_MORTGAGE_MARKET,43,1.49,57.56,58.14,16.28
2020,6,UAE_PROPERTY_INVESTMENT,41,1.31,76.54,46.34,21.95
2020,6,UAE_REAL_ESTATE_MARKET,46,0.85,69.76,50.0,19.57
2020,7,AFFORDABLE_HOUSING_UAE,37,1.37,74.59,51.35,13.51
2020,7,ARAMCO_UAE_OIL,52,0.38,71.35,46.15,19.23
2020,7,DLD_TRANSACTIONS,36,1.12,66.08,55.56,13.89
2020,7,DUBAI_INFRASTRUCTURE,35,-0.09,71.83,31.43,31.43
2020,7,DUBAI_LUXURY_REAL_ESTATE,41,1.65,76.76,51.22,12.2
2020,7,DUBAI_PROPERTY_PRICES,55,0.5,85.89,49.09,27.27
2020,7,DUBAI_RENTAL_MARKET,44,0.61,76.11,50.0,27.27
2020,7,DUBAI_TOURISM,57,0.76,78.74,45.61,22.81
2020,7,EXPO2020_DUBAI,37,0.32,68.24,37.84,21.62
2020,7,GOLDEN_VISA_UAE,36,0.51,80.83,47.22,25.0
2020,7,OFFPLAN_SALES_UAE,38,0.54,66.68,55.26,18.42
2020,7,PROPTECH_UAE,47,1.62,82.47,57.45,12.77
2020,7,REITS_UAE,63,1.53,71.86,60.32,14.29
2020,7,SUSTAINABLE_BUILDINGS_UAE,47,0.57,77.53,42.55,27.66
2020,7,UAE_CRYPTO_REGULATION,49,0.52,77.71,48.98,26.53
2020,7,UAE_ECONOMY_GROWTH,37,1.75,68.35,67.57,16.22
2020,7,UAE_FINTECH,38,1.88,78.0,60.53,13.16
2020,7,UAE_MORTGAGE_MARKET,48,0.68,73.17,52.08,20.83
2020,7,UAE_PROPERTY_INVESTMENT,39,1.19,71.15,56.41,10.26
2020,7,UAE_REAL_ESTATE_MARKET,28,0.67,70.61,42.86,25.0
2020,8,AFFORDABLE_HOUSING_UAE,43,0.84,61.84,48.84,13.95
2020,8,ARAMCO_UAE_OIL,40,1.64,77.1,57.5,12.5
2020,8,DLD_TRANSACTIONS,40,0.82,77.82,40.0,15.0
2020,8,DUBAI_INFRASTRUCTURE,36,0.93,76.5,41.67,19.44
2020,8,DUBAI_LUXURY_REAL_ESTATE,40,0.4,63.58,35.0,20.0
2020,8,DUBAI_PROPERTY_PRICES,36,0.42,84.81,41.67,19.44
2020,8,DUBAI_RENTAL_MARKET,46,1.0,70.67,52.17,17.39
2020,8,DUBAI_TOURISM,28,0.55,72.89,42.86,21.43
2020,8,EXPO2020_DUBAI,38,0.71,75.21,55.26,26.32
2020,8,GOLDEN_VISA_UAE,39,0.87,69.1,53.85,17.95
2020,8,OFFPLAN_SALES_UAE,42,0.97,73.26,50.0,19.05
2020,8,PROPTECH_UAE,40,1.03,76.38,47.5,10.0
2020,8,REITS_UAE,43,1.2,72.74,51.16,18.6
2020,8,SUSTAINABLE_BUILDINGS_UAE,40,0.31,77.9,40.0,27.5
2020,8,UAE_CRYPTO_REGULATION,46,0.43,81.22,43.48,28.26
2020,8,UAE_ECONOMY_GROWTH,43,1.53,87.53,55.81,13.95
2020,8,UAE_FINTECH,48,1.81,77.48,60.42,8.33
2020,8,UAE_MORTGAGE_MARKET,36,0.28,66.67,36.11,16.67
2020,8,UAE_PROPERTY_INVESTMENT,43,-0.1,80.93,37.21,30.23
2020,8,UAE_REAL_ESTATE_MARKET,42,0.45,66.81,45.24,30.95
2020,9,AFFORDABLE_HOUSING_UAE,32,0.87,67.09,46.88,15.62
2020,9,ARAMCO_UAE_OIL,40,0.86,74.38,47.5,17.5
2020,9,DLD_TRANSACTIONS,38,0.94,86.87,44.74,10.53
2020,9,DUBAI_INFRASTRUCTURE,41,0.94,60.46,48.78,14.63
2020,9,DUBAI_LUXURY_REAL_ESTATE,43,0.56,72.81,51.16,27.91
2020,9,DUBAI_PROPERTY_PRICES,54,1.0,73.91,50.0,16.67
2020,9,DUBAI_RENTAL_MARKET,39,1.45,79.05,56.41,7.69
2020,9,DUBAI_TOURISM,44,0.53,78.5,47.73,29.55
2020,9,EXPO2020_DUBAI,43,0.37,84.33,37.21,23.26
2020,9,GOLDEN_VISA_UAE,38,0.77,73.45,50.0,21.05
2020,9,OFFPLAN_SALES_UAE,42,0.53,73.9,42.86,23.81
2020,9,PROPTECH_UAE,41,0.86,79.44,46.34,19.51
2020,9,REITS_UAE,41,0.71,72.63,41.46,21.95
2020,9,SUSTAINABLE_BUILDINGS_UAE,35,1.05,73.0,54.29,25.71
2020,9,UAE_CRYPTO_REGULATION,41,1.12,80.88,53.66,17.07
2020,9,UAE_ECONOMY_GROWTH,39,0.77,78.51,41.03,12.82
2020,9,UAE_FINTECH,37,0.55,63.16,37.84,21.62
2020,9,UAE_MORTGAGE_MARKET,35,1.39,69.46,57.14,22.86
2020,9,UAE_PROPERTY_INVESTMENT,44,0.86,85.43,45.45,22.73
2020,9,UAE_REAL_ESTATE_MARKET,43,1.27,63.23,58.14,13.95
2020,10,AFFORDABLE_HOUSING_UAE,42,1.1,89.64,54.76,16.67
2020,10,ARAMCO_UAE_OIL,38,0.22,89.0,36.84,28.95
2020,10,DLD_TRANSACTIONS,34,1.49,74.85,61.76,11.76
2020,10,DUBAI_INFRASTRUCTURE,47,1.85,75.66,68.09,12.77
2020,10,DUBAI_LUXURY_REAL_ESTATE,38,-0.07,76.63,36.84,36.84
2020,10,DUBAI_PROPERTY_PRICES,40,0.57,73.53,50.0,22.5
2020,10,DUBAI_RENTAL_MARKET,44,1.3,85.52,54.55,15.91
2020,10,DUBAI_TOURISM,38,1.35,80.74,47.37,15.79
2020,10,EXPO2020_DUBAI,37,0.97,80.24,56.76,27.03
2020,10,GOLDEN_VISA_UAE,36,0.87,70.14,55.56,25.0
2020,10,OFFPLAN_SALES_UAE,52,0.4,68.54,38.46,28.85
2020,10,PROPTECH_UAE,36,0.77,82.44,58.33,22.22
2020,10,REITS_UAE,48,0.45,81.02,39.58,29.17
2020,10,SUSTAINABLE_BUILDINGS_UAE,53,0.36,81.28,47.17,24.53
2020,10,UAE_CRYPTO_REGULATION,46,1.56,63.74,63.04,15.22
2020,10,UAE_ECONOMY_GROWTH,43,0.66,73.72,53.49,20.93
2020,10,UAE_FINTECH,33,0.69,63.45,54.55,21.21
2020,10,UAE_MORTGAGE_MARKET,44,0.72,73.05,40.91,20.45
2020,10,UAE_PROPERTY_INVESTMENT,43,0.62,76.26,44.19,23.26
2020,10,UAE_REAL_ESTATE_MARKET,42,0.93,73.07,50.0,21.43
2020,11,AFFORDABLE_HOUSING_UAE,44,0.92,71.95,56.82,18.18
2020,11,ARAMCO_UAE_OIL,44,1.33,84.07,54.55,22.73
2020,11,DLD_TRANSACTIONS,39,0.12,75.26,41.03,33.33
2020,11,DUBAI_INFRASTRUCTURE,41,0.54,83.83,43.9,21.95
2020,11,DUBAI_LUXURY_REAL_ESTATE,54,0.48,70.57,40.74,22.22
2020,11,DUBAI_PROPERTY_PRICES,37,0.08,75.38,40.54,24.32
2020,11,DUBAI_RENTAL_MARKET,48,1.22,82.94,50.0,14.58
2020,11,DUBAI_TOURISM,37,1.29,80.19,56.76,13.51
2020,11,EXPO2020_DUBAI,32,0.31,60.41,43.75,25.0
2020,11,GOLDEN_VISA_UAE,45,1.1,65.33,55.56,13.33
2020,11,OFFPLAN_SALES_UAE,41,1.33,70.95,58.54,21.95
2020,11,PROPTECH_UAE,42,1.25,79.71,52.38,9.52
2020,11,REITS_UAE,53,0.38,75.66,37.74,15.09
2020,11,SUSTAINABLE_BUILDINGS_UAE,35,1.01,79.77,48.57,11.43
2020,11,UAE_CRYPTO_REGULATION,32,0.87,82.41,50.0,28.12
2020,11,UAE_ECONOMY_GROWTH,35,1.58,67.54,62.86,8.57
2020,11,UAE_FINTECH,40,1.17,78.0,55.0,17.5
2020,11,UAE_MORTGAGE_MARKET,41,1.22,74.56,60.98,17.07
2020,11,UAE_PROPERTY_INVESTMENT,46,1.5,72.07,63.04,10.87
2020,11,UAE_REAL_ESTATE_MARKET,32,0.57,66.25,46.88,25.0
2020,12,AFFORDABLE_HOUSING_UAE,41,1.11,76.07,51.22,19.51
2020,12,ARAMCO_UAE_OIL,32,1.29,86.03,50.0,12.5
2020,12,DLD_TRANSACTIONS,51,0.48,75.67,45.1,23.53
2020,12,DUBAI_INFRASTRUCTURE,46,1.65,76.48,63.04,21.74
2020,12,DUBAI_LUXURY_REAL_ESTATE,36,0.82,62.72,50.0,25.0
2020,12,DUBAI_PROPERTY_PRICES,42,1.72,90.17,69.05,11.9
2020,12,DUBAI_RENTAL_MARKET,52,1.66,72.42,57.69,13.46
2020,12,DUBAI_TOURISM,36,1.18,71.69,50.0,13.89
2020,12,EXPO2020_DUBAI,43,0.64,82.88,41.86,23.26
2020,12,GOLDEN_VISA_UAE,41,0.96,70.68,46.34,24.39
2020,12,OFFPLAN_SALES_UAE,37,1.42,75.62,64.86,18.92
2020,12,PROPTECH_UAE,39,0.93,72.59,48.72,17.95
2020,12,REITS_UAE,46,0.42,69.57,41.3,19.57
2020,12,SUSTAINABLE_BUILDINGS_UAE,50,0.44,80.2,48.0,28.0
2020,12,UAE_CRYPTO_REGULATION,33,1.04,62.85,45.45,15.15
2020,12,UAE_ECONOMY_GROWTH,36,0.61,75.67,38.89,13.89
2020,12,UAE_FINTECH,34,0.64,73.18,44.12,17.65
2020,12,UAE_MORTGAGE_MARKET,54,1.1,69.0,53.7,18.52
2020,12,UAE_PROPERTY_INVESTMENT,41,1.35,78.59,58.54,14.63
2020,12,UAE_REAL_ESTATE_MARKET,38,1.02,81.82,52.63,21.05
2021,1,AFFORDABLE_HOUSING_UAE,47,0.75,85.72,51.06,12.77
2021,1,ARAMCO_UAE_OIL,44,0.9,74.41,52.27,22.73
2021,1,DLD_TRANSACTIONS,49,1.2,66.18,53.06,16.33
2021,1,DUBAI_INFRASTRUCTURE,46,0.86,74.87,43.48,19.57
2021,1,DUBAI_LUXURY_REAL_ESTATE,49,-0.16,75.43,40.82,34.69
2021,1,DUBAI_PROPERTY_PRICES,43,1.08,76.35,53.49,23.26
2021,1,DUBAI_RENTAL_MARKET,35,-0.05,80.74,42.86,34.29
2021,1,DUBAI_TOURISM,39,0.98,59.87,46.15,25.64
2021,1,EXPO2020_DUBAI,37,0.02,84.19,37.84,29.73
2021,1,GOLDEN_VISA_UAE,42,0.19,81.02,40.48,28.57
2021,1,OFFPLAN_SALES_UAE,35,2.03,84.11,62.86,11.43
2021,1,PROPTECH_UAE,52,1.48,73.02,48.08,17.31
2021,1,REITS_UAE,54,1.04,70.5,51.85,20.37
2021,1,SUSTAINABLE_BUILDINGS_UAE,40,1.7,75.92,65.0,17.5
2021,1,UAE_CRYPTO_REGULATION,42,0.66,74.05,45.24,23.81
2021,1,UAE_ECONOMY_GROWTH,33,1.3,83.58,60.61,12.12
2021,1,UAE_FINTECH,35,0.88,80.91,48.57,17.14
2021,1,UAE_MORTGAGE_MARKET,36,1.56,74.81,55.56,11.11
2021,1,UAE_PROPERTY_INVESTMENT,38,1.18,77.42,50.0,15.79
2021,1,UAE_REAL_ESTATE_MARKET,44,1.03,65.98,45.45,15.91
2021,2,AFFORDABLE_HOUSING_UAE,37,1.6,77.43,59.46,16.22
2021,2,ARAMCO_UAE_OIL,49,0.74,77.33,46.94,18.37
2021,2,DLD_TRANSACTIONS,41,0.54,71.61,51.22,19.51
2021,2,DUBAI_INFRASTRUCTURE,43,0.74,72.4,44.19,23.26
2021,2,DUBAI_LUXURY_REAL_ESTATE,33,1.03,93.12,51.52,21.21
2021,2,DUBAI_PROPERTY_PRICES,40,0.23,76.38,37.5,27.5
2021,2,DUBAI_RENTAL_MARKET,45,0.6,68.6,42.22,13.33
2021,2,DUBAI_TOURISM,39,0.55,74.82,43.59,17.95
2021,2,EXPO2020_DUBAI,40,0.35,65.88,45.0,27.5
2021,2,GOLDEN_VISA_UAE,48,1.14,67.77,52.08,20.83
2021,2,OFFPLAN_SALES_UAE,46,0.7,74.0,52.17,21.74
2021,2,PROPTECH_UAE,34,0.19,89.65,47.06,23.53
2021,2,REITS_UAE,46,1.72,72.09,60.87,15.22
2021,2,SUSTAINABLE_BUILDINGS_UAE,43,1.7,76.53,62.79,16.28
2021,2,UAE_CRYPTO_REGULATION,35,1.36,63.63,51.43,11.43
2021,2,UAE_ECONOMY_GROWTH,31,0.68,76.94,54.84,32.26
2021,2,UAE_FINTECH,39,-0.54,74.85,35.9,33.33
2021,2,UAE_MORTGAGE_MARKET,33,-0.44,65.94,42.42,33.33
2021,2,UAE_PROPERTY_INVESTMENT,31,1.54,79.35,51.61,16.13
2021,2,UAE_REAL_ESTATE_MARKET,34,1.03,70.88,41.18,14.71
2021,3,AFFORDABLE_HOUSING_UAE,52,0.52,69.37,46.15,21.15
2021,3,ARAMCO_UAE_OIL,42,0.77,74.05,57.14,23.81
2021,3,DLD_TRANSACTIONS,38,0.87,87.24,42.11,18.42
2021,3,DUBAI_INFRASTRUCTURE,37,1.05,82.57,56.76,13.51
2021,3,DUBAI_LUXURY_REAL_ESTATE,50,0.19,80.36,40.0,24.0
2021,3,DUBAI_PROPERTY_PRICES,47,1.42,65.4,53.19,17.02
2021,3,DUBAI_RENTAL_MARKET,33,0.12,83.24,36.36,24.24
2021,3,DUBAI_TOURISM,34,0.94,76.12,55.88,20.59
2021,3,EXPO2020_DUBAI,52,0.54,74.06,50.0,23.08
2021,3,GOLDEN_VISA_UAE,47,1.07,73.15,57.45,19.15
2021,3,OFFPLAN_SALES_UAE,38,0.79,85.34,52.63,21.05
2021,3,PROPTECH_UAE,43,1.65,87.21,60.47,11.63
2021,3,REITS_UAE,34,0.68,87.74,44.12,11.76
2021,3,SUSTAINABLE_BUILDINGS_UAE,40,1.06,78.3,52.5,17.5
2021,3,UAE_CRYPTO_REGULATION,49,1.55,85.39,57.14,14.29
2021,3,UAE_ECONOMY_GROWTH,47,1.19,78.68,53.19,19.15
2021,3,UAE_FINTECH,57,1.25,74.6,50.88,17.54
2021,3,UAE_MORTGAGE_MARKET,42,1.41,69.14,50.0,9.52
2021,3,UAE_PROPERTY_INVESTMENT,38,0.73,75.58,52.63,28.95
2021,3,UAE_REAL_ESTATE_MARKET,44,0.74,84.91,45.45,22.73
2021,4,AFFORDABLE_HOUSING_UAE,49,1.34,66.2,51.02,16.33
2021,4,ARAMCO_UAE_OIL,50,0.51,68.6,46.0,24.0
2021,4,DLD_TRANSACTIONS,36,1.35,68.61,58.33,19.44
2021,4,DUBAI_INFRASTRUCTURE,41,-0.15,74.85,34.15,24.39
2021,4,DUBAI_LUXURY_REAL_ESTATE,38,1.33,80.61,55.26,13.16
2021,4,DUBAI_PROPERTY_PRICES,38,0.67,68.84,50.0,18.42
2021,4,DUBAI_RENTAL_MARKET,32,1.12,70.66,50.0,15.62
2021,4,DUBAI_TOURISM,44,1.17,61.25,54.55,13.64
2021,4,EXPO2020_DUBAI,25,1.59,86.12,64.0,12.0
2021,4,GOLDEN_VISA_UAE,42,1.31,62.67,50.0,14.29
2021,4,OFFPLAN_SALES_UAE,32,0.89,71.38,46.88,25.0
2021,4,PROPTECH_UAE,51,0.86,71.96,52.94,21.57
2021,4,REITS_UAE,35,-0.22,72.2,37.14,31.43
2021,4,SUSTAINABLE_BUILDINGS_UAE,45,1.42,70.51,48.89,15.56
2021,4,UAE_CRYPTO_REGULATION,36,1.11,86.72,47.22,19.44
2021,4,UAE_ECONOMY_GROWTH,40,1.04,86.72,52.5,17.5
2021,4,UAE_FINTECH,35,1.22,85.91,51.43,8.57
2021,4,UAE_MORTGAGE_MARKET,42,0.74,71.48,45.24,21.43
2021,4,UAE_PROPERTY_INVESTMENT,38,1.9,61.76,57.89,7.89
2021,4,UAE_REAL_ESTATE_MARKET,42,1.63,73.36,61.9,19.05
2021,5,AFFORDABLE_HOUSING_UAE,42,0.22,64.4,47.62,26.19
2021,5,ARAMCO_UAE_OIL,44,0.6,75.36,38.64,20.45
2021,5,DLD_TRANSACTIONS,39,1.36,73.74,48.72,17.95
2021,5,DUBAI_INFRASTRUCTURE,43,1.3,87.07,51.16,13.95
2021,5,DUBAI_LUXURY_REAL_ESTATE,50,0.41,69.8,40.0,24.0
2021,5,DUBAI_PROPERTY_PRICES,34,1.27,63.59,58.82,17.65
2021,5,DUBAI_RENTAL_MARKET,32,1.47,72.84,56.25,15.62
2021,5,DUBAI_TOURISM,40,0.72,76.3,47.5,17.5
2021,5,EXPO2020_DUBAI,37,0.74,67.19,51.35,18.92
2021,5,GOLDEN_VISA_UAE,47,0.3,70.81,48.94,17.02
2021,5,OFFPLAN_SALES_UAE,43,0.26,72.58,44.19,20.93
2021,5,PROPTECH_UAE,39,0.49,68.69,41.03,23.08
2021,5,REITS_UAE,46,1.37,89.17,54.35,15.22
2021,5,SUSTAINABLE_BUILDINGS_UAE,50,1.09,85.08,52.0,20.0
2021,5,UAE_CRYPTO_REGULATION,33,0.45,68.39,42.42,15.15
2021,5,UAE_ECONOMY_GROWTH,47,0.19,83.32,42.55,25.53
2021,5,UAE_FINTECH,39,1.26,71.36,61.54,15.38
2021,5,UAE_MORTGAGE_MARKET,35,1.01,79.0,54.29,17.14
2021,5,UAE_PROPERTY_INVESTMENT,44,0.76,69.7,50.0,15.91
2021,5,UAE_REAL_ESTATE_MARKET,43,1.03,69.07,53.49,18.6
2021,6,AFFORDABLE_HOUSING_UAE,36,0.92,87.06,44.44,22.22
2021,6,ARAMCO_UAE_OIL,37,1.11,66.38,48.65,16.22
2021,6,DLD_TRANSACTIONS,42,0.58,73.9,50.0,26.19
2021,6,DUBAI_INFRASTRUCTURE,53,1.28,68.09,49.06,13.21
2021,6,DUBAI_LUXURY_REAL_ESTATE,38,0.8,64.87,44.74,21.05
2021,6,DUBAI_PROPERTY_PRICES,35,1.57,75.4,57.14,8.57
2021,6,DUBAI_RENTAL_MARKET,38,0.05,78.42,36.84,28.95
2021,6,DUBAI_TOURISM,50,1.09,72.84,50.0,24.0
2021,6,EXPO2020_DUBAI,41,0.94,80.44,48.78,21.95
2021,6,GOLDEN_VISA_UAE,42,1.55,80.55,64.29,11.9
2021,6,OFFPLAN_SALES_UAE,46,1.01,80.39,54.35,19.57
2021,6,PROPTECH_UAE,46,1.48,85.63,60.87,10.87
2021,6,REITS_UAE,37,0.16,72.22,40.54,21.62
2021,6,SUSTAINABLE_BUILDINGS_UAE,45,0.84,90.91,51.11,24.44
2021,6,UAE_CRYPTO_REGULATION,37,1.06,76.59,40.54,16.22
2021,6,UAE_ECONOMY_GROWTH,30,-0.14,81.83,40.0,30.0
2021,6,UAE_FINTECH,37,2.05,84.46,64.86,10.81
2021,6,UAE_MORTGAGE_MARKET,42,0.63,82.29,40.48,19.05
2021,6,UAE_PROPERTY_INVESTMENT,27,0.78,59.48,51.85,18.52
2021,6,UAE_REAL_ESTATE_MARKET,34,2.11,77.21,58.82,2.94
2021,7,AFFORDABLE_HOUSING_UAE,43,0.25,66.53,44.19,23.26
2021,7,ARAMCO_UAE_OIL,29,0.59,63.72,48.28,24.14
2021,7,DLD_TRANSACTIONS,43,1.33,72.4,58.14,13.95
2021,7,DUBAI_INFRASTRUCTURE,51,1.07,68.82,50.98,19.61
2021,7,DUBAI_LUXURY_REAL_ESTATE,54,0.4,81.3,50.0,22.22
2021,7,DUBAI_PROPERTY_PRICES,44,0.99,73.11,47.73,22.73
2021,7,DUBAI_RENTAL_MARKET,40,1.27,68.65,47.5,20.0
2021,7,DUBAI_TOURISM,38,0.65,71.08,44.74,15.79
2021,7,EXPO2020_DUBAI,37,1.48,69.08,56.76,16.22
2021,7,GOLDEN_VISA_UAE,39,0.46,77.62,48.72,28.21
2021,7,OFFPLAN_SALES_UAE,34,1.88,61.12,58.82,14.71
2021,7,PROPTECH_UAE,35,0.49,74.89,37.14,28.57
2021,7,REITS_UAE,41,0.9,84.8,51.22,24.39
2021,7,SUSTAINABLE_BUILDINGS_UAE,49,0.76,85.82,46.94,20.41
2021,7,UAE_CRYPTO_REGULATION,39,1.26,84.56,53.85,17.95
2021,7,UAE_ECONOMY_GROWTH,35,0.87,62.71,57.14,25.71
2021,7,UAE_FINTECH,44,1.12,68.8,47.73,9.09
2021,7,UAE_MORTGAGE_MARKET,43,1.15,68.91,55.81,16.28
2021,7,UAE_PROPERTY_INVESTMENT,38,1.94,62.61,50.0,10.53
2021,7,UAE_REAL_ESTATE_MARKET,47,1.22,83.17,57.45,25.53
2021,8,AFFORDABLE_HOUSING_UAE,40,0.54,71.35,37.5,22.5
2021,8,ARAMCO_UAE_OIL,37,1.65,71.59,59.46,10.81
2021,8,DLD_TRANSACTIONS,41,1.31,74.85,51.22,17.07
2021,8,DUBAI_INFRASTRUCTURE,54,0.47,72.3,40.74,24.07
2021,8,DUBAI_LUXURY_REAL_ESTATE,52,1.26,76.37,50.0,21.15
2021,8,DUBAI_PROPERTY_PRICES,45,0.78,74.78,53.33,22.22
2021,8,DUBAI_RENTAL_MARKET,51,1.57,81.22,52.94,7.84
2021,8,DUBAI_TOURISM,54,0.56,70.59,46.3,18.52
2021,8,EXPO2020_DUBAI,42,1.5,70.67,66.67,14.29
2021,8,GOLDEN_VISA_UAE,39,1.32,79.92,56.41,17.95
2021,8,OFFPLAN_SALES_UAE,50,0.61,72.06,46.0,24.0
2021,8,PROPTECH_UAE,37,0.73,81.7,40.54,18.92
2021,8,REITS_UAE,47,1.01,78.74,59.57,23.4
2021,8,SUSTAINABLE_BUILDINGS_UAE,45,0.39,78.82,42.22,15.56
2021,8,UAE_CRYPTO_REGULATION,36,1.6,73.72,52.78,8.33
2021,8,UAE_ECONOMY_GROWTH,34,0.16,66.41,47.06,26.47
2021,8,UAE_FINTECH,41,0.75,74.15,53.66,24.39
2021,8,UAE_MORTGAGE_MARKET,54,1.3,76.78,57.41,18.52
2021,8,UAE_PROPERTY_INVESTMENT,49,0.98,77.29,55.1,18.37
2021,8,UAE_REAL_ESTATE_MARKET,50,0.46,69.74,40.0,24.0
2021,9,AFFORDABLE_HOUSING_UAE,39,0.29,85.56,41.03,20.51
2021,9,ARAMCO_UAE_OIL,39,0.49,69.97,46.15,17.95
2021,9,DLD_TRANSACTIONS,44,0.95,68.52,47.73,20.45
2021,9,DUBAI_INFRASTRUCTURE,43,0.22,75.88,44.19,25.58
2021,9,DUBAI_LUXURY_REAL_ESTATE,47,0.85,72.17,51.06,23.4
2021,9,DUBAI_PROPERTY_PRICES,44,-0.04,74.61,38.64,27.27
2021,9,DUBAI_RENTAL_MARKET,39,0.8,79.54,46.15,15.38
2021,9,DUBAI_TOURISM,38,1.47,65.21,50.0,7.89
2021,9,EXPO2020_DUBAI,32,1.27,83.03,50.0,15.62
2021,9,GOLDEN_VISA_UAE,45,0.34,71.89,46.67,28.89
2021,9,OFFPLAN_SALES_UAE,39,0.62,86.54,48.72,23.08
2021,9,PROPTECH_UAE,34,0.57,88.79,44.12,26.47
2021,9,REITS_UAE,38,1.93,64.97,68.42,13.16
2021,9,SUSTAINABLE_BUILDINGS_UAE,32,0.75,81.16,40.62,18.75
2021,9,UAE_CRYPTO_REGULATION,39,0.91,82.92,43.59,12.82
2021,9,UAE_ECONOMY_GROWTH,39,0.7,79.41,53.85,33.33
2021,9,UAE_FINTECH,39,0.74,80.92,51.28,23.08
2021,9,UAE_MORTGAGE_MARKET,39,0.68,60.9,53.85,20.51
2021,9,UAE_PROPERTY_INVESTMENT,39,0.3,75.18,43.59,23.08
2021,9,UAE_REAL_ESTATE_MARKET,30,0.83,75.33,56.67,26.67
2021,10,AFFORDABLE_HOUSING_UAE,37,0.62,69.49,45.95,24.32
2021,10,ARAMCO_UAE_OIL,48,0.4,87.0,43.75,22.92
2021,10,DLD_TRANSACTIONS,54,1.01,79.33,50.0,14.81
2021,10,DUBAI_INFRASTRUCTURE,45,1.2,71.51,66.67,20.0
2021,10,DUBAI_LUXURY_REAL_ESTATE,41,0.33,73.78,43.9,19.51
2021,10,DUBAI_PROPERTY_PRICES,46,0.88,73.48,47.83,10.87
2021,10,DUBAI_RENTAL_MARKET,50,0.39,81.76,40.0,20.0
2021,10,DUBAI_TOURISM,57,1.19,76.16,59.65,19.3
2021,10,EXPO2020_DUBAI,50,0.31,69.34,46.0,28.0
2021,10,GOLDEN_VISA_UAE,47,0.67,72.55,44.68,14.89
2021,10,OFFPLAN_SALES_UAE,53,0.74,80.53,49.06,22.64
2021,10,PROPTECH_UAE,48,1.0,76.02,45.83,22.92
2021,10,REITS_UAE,38,1.52,75.61,60.53,15.79
2021,10,SUSTAINABLE_BUILDINGS_UAE,42,1.04,73.67,59.52,11.9
2021,10,UAE_CRYPTO_REGULATION,54,0.95,85.78,50.0,18.52
2021,10,UAE_ECONOMY_GROWTH,54,1.08,77.87,51.85,18.52
2021,10,UAE_FINTECH,36,1.34,83.56,50.0,11.11
2021,10,UAE_MORTGAGE_MARKET,39,1.24,80.28,48.72,23.08
2021,10,UAE_PROPERTY_INVESTMENT,39,1.05,76.0,51.28,20.51
2021,10,UAE_REAL_ESTATE_MARKET,49,0.47,78.55,46.94,22.45
2021,11,AFFORDABLE_HOUSING_UAE,34,1.11,69.65,55.88,17.65
2021,11,ARAMCO_UAE_OIL,42,0.36,77.95,40.48,16.67
2021,11,DLD_TRANSACTIONS,38,0.96,73.63,52.63,23.68
2021,11,DUBAI_INFRASTRUCTURE,37,0.43,63.65,45.95,18.92
2021,11,DUBAI_LUXURY_REAL_ESTATE,37,0.3,94.11,45.95,21.62
2021,11,DUBAI_PROPERTY_PRICES,40,1.22,80.8,47.5,15.0
2021,11,DUBAI_RENTAL_MARKET,38,2.54,62.74,68.42,7.89
2021,11,DUBAI_TOURISM,35,0.99,78.66,48.57,20.0
2021,11,EXPO2020_DUBAI,44,0.91,67.25,52.27,25.0
2021,11,GOLDEN_VISA_UAE,31,0.33,72.1,51.61,25.81
2021,11,OFFPLAN_SALES_UAE,44,0.51,78.23,45.45,31.82
2021,11,PROPTECH_UAE,45,0.46,78.33,40.0,24.44
2021,11,REITS_UAE,36,1.01,80.69,58.33,22.22
2021,11,SUSTAINABLE_BUILDINGS_UAE,43,1.21,72.05,48.84,20.93
2021,11,UAE_CRYPTO_REGULATION,32,-0.03,73.19,31.25,34.38
2021,11,UAE_ECONOMY_GROWTH,38,0.87,79.08,44.74,18.42
2021,11,UAE_FINTECH,45,1.03,73.42,46.67,26.67
2021,11,UAE_MORTGAGE_MARKET,36,0.82,68.78,44.44,19.44
2021,11,UAE_PROPERTY_INVESTMENT,43,0.59,60.91,44.19,27.91
2021,11,UAE_REAL_ESTATE_MARKET,48,0.96,74.79,54.17,22.92
2021,12,AFFORDABLE_HOUSING_UAE,35,1.08,89.8,51.43,17.14
2021,12,ARAMCO_UAE_OIL,51,1.25,85.16,56.86,21.57
2021,12,DLD_TRANSACTIONS,41,0.44,75.95,48.78,19.51
2021,12,DUBAI_INFRASTRUCTURE,33,0.44,71.06,39.39,15.15
2021,12,DUBAI_LUXURY_REAL_ESTATE,43,1.18,83.09,51.16,20.93
2021,12,DUBAI_PROPERTY_PRICES,39,1.1,88.13,51.28,17.95
2021,12,DUBAI_RENTAL_MARKET,38,0.51,72.21,34.21,21.05
2021,12,DUBAI_TOURISM,45,0.13,81.38,33.33,26.67
2021,12,EXPO2020_DUBAI,45,0.99,76.24,53.33,15.56
2021,12,GOLDEN_VISA_UAE,44,0.79,85.7,50.0,22.73
2021,12,OFFPLAN_SALES_UAE,45,1.4,73.91,60.0,15.56
2021,12,PROPTECH_UAE,49,0.8,78.94,51.02,26.53
2021,12,REITS_UAE,42,1.05,75.5,59.52,21.43
2021,12,SUSTAINABLE_BUILDINGS_UAE,43,0.81,75.16,44.19,16.28
2021,12,UAE_CRYPTO_REGULATION,50,1.19,55.68,56.0,20.0
2021,12,UAE_ECONOMY_GROWTH,41,1.52,81.88,51.22,9.76
2021,12,UAE_FINTECH,32,1.0,80.38,50.0,18.75
2021,12,UAE_MORTGAGE_MARKET,36,0.76,72.47,44.44,22.22
2021,12,UAE_PROPERTY_INVESTMENT,47,0.01,67.34,44.68,25.53
2021,12,UAE_REAL_ESTATE_MARKET,44,-0.03,72.84,36.36,25.0
2022,1,AFFORDABLE_HOUSING_UAE,46,0.88,84.02,56.52,15.22
2022,1,ARAMCO_UAE_OIL,43,0.42,80.02,41.86,23.26
2022,1,DLD_TRANSACTIONS,50,1.99,71.38,62.0,12.0
2022,1,DUBAI_INFRASTRUCTURE,37,1.46,77.54,56.76,21.62
2022,1,DUBAI_LUXURY_REAL_ESTATE,35,0.72,79.66,51.43,22.86
2022,1,DUBAI_PROPERTY_PRICES,47,0.85,83.28,44.68,17.02
2022,1,DUBAI_RENTAL_MARKET,39,1.7,79.0,58.97,5.13
2022,1,DUBAI_TOURISM,42,0.9,79.17,52.38,16.67
2022,1,EXPO2020_DUBAI,46,1.08,80.07,50.0,26.09
2022,1,GOLDEN_VISA_UAE,36,1.19,75.42,55.56,19.44
2022,1,OFFPLAN_SALES_UAE,29,0.92,75.48,58.62,17.24
2022,1,PROPTECH_UAE,44,0.63,79.27,45.45,20.45
2022,1,REITS_UAE,44,1.44,76.45,59.09,9.09
2022,1,SUSTAINABLE_BUILDINGS_UAE,51,0.07,73.33,41.18,27.45
2022,1,UAE_CRYPTO_REGULATION,41,1.19,74.8,51.22,9.76
2022,1,UAE_ECONOMY_GROWTH,50,0.4,73.9,50.0,24.0
2022,1,UAE_FINTECH,44,1.51,80.34,50.0,18.18
2022,1,UAE_MORTGAGE_MARKET,37,1.97,74.41,59.46,10.81
2022,1,UAE_PROPERTY_INVESTMENT,44,0.52,75.7,50.0,25.0
2022,1,UAE_REAL_ESTATE_MARKET,43,1.71,79.49,51.16,6.98
2022,2,AFFORDABLE_HOUSING_UAE,35,2.1,71.66,68.57,5.71
2022,2,ARAMCO_UAE_OIL,36,1.13,83.19,55.56,11.11
2022,2,DLD_TRANSACTIONS,41,0.2,91.76,31.71,24.39
2022,2,DUBAI_INFRASTRUCTURE,31,0.67,56.97,38.71,12.9
2022,2,DUBAI_LUXURY_REAL_ESTATE,34,2.41,67.91,67.65,8.82
2022,2,DUBAI_PROPERTY_PRICES,43,0.13,77.51,37.21,27.91
2022,2,DUBAI_RENTAL_MARKET,33,1.38,81.76,57.58,15.15
2022,2,DUBAI_TOURISM,36,0.45,78.19,41.67,25.0
2022,2,EXPO2020_DUBAI,45,1.36,69.96,57.78,17.78
2022,2,GOLDEN_VISA_UAE,40,0.34,69.22,42.5,25.0
2022,2,OFFPLAN_SALES_UAE,37,0.86,73.78,40.54,16.22
2022,2,PROPTECH_UAE,38,0.88,80.29,57.89,23.68
2022,2,REITS_UAE,37,0.73,74.59,43.24,21.62
2022,2,SUSTAINABLE_BUILDINGS_UAE,41,0.09,77.2,36.59,24.39
2022,2,UAE_CRYPTO_REGULATION,45,1.18,83.18,53.33,20.0
2022,2,UAE_ECONOMY_GROWTH,43,0.56,81.14,44.19,25.58
2022,2,UAE_FINTECH,42,0.94,73.14,52.38,16.67
2022,2,UAE_MORTGAGE_MARKET,37,1.22,69.59,51.35,18.92
2022,2,UAE_PROPERTY_INVESTMENT,29,0.69,82.62,41.38,20.69
2022,2,UAE_REAL_ESTATE_MARKET,42,0.24,75.02,40.48,23.81
2022,3,AFFORDABLE_HOUSING_UAE,48,0.49,68.58,43.75,22.92
2022,3,ARAMCO_UAE_OIL,59,0.52,76.58,45.76,23.73
2022,3,DLD_TRANSACTIONS,45,1.62,81.96,57.78,11.11
2022,3,DUBAI_INFRASTRUCTURE,34,2.05,87.5,67.65,14.71
2022,3,DUBAI_LUXURY_REAL_ESTATE,41,1.23,74.71,56.1,26.83
2022,3,DUBAI_PROPERTY_PRICES,51,0.85,85.76,49.02,21.57
2022,3,DUBAI_RENTAL_MARKET,46,1.0,78.7,43.48,13.04
2022,3,DUBAI_TOURISM,57,1.01,84.12,49.12,22.81
2022,3,EXPO2020_DUBAI,34,1.01,86.71,44.12,17.65
2022,3,GOLDEN_VISA_UAE,42,1.02,77.29,42.86,16.67
2022,3,OFFPLAN_SALES_UAE,45,0.17,74.98,37.78,22.22
2022,3,PROPTECH_UAE,38,0.77,85.29,50.0,23.68
2022,3,REITS_UAE,51,0.93,72.57,43.14,19.61
2022,3,SUSTAINABLE_BUILDINGS_UAE,41,0.8,80.34,43.9,19.51
2022,3,UAE_CRYPTO_REGULATION,42,1.6,58.45,64.29,7.14
2022,3,UAE_ECONOMY_GROWTH,41,0.58,70.9,36.59,17.07
2022,3,UAE_FINTECH,36,0.69,66.61,38.89,19.44
2022,3,UAE_MORTGAGE_MARKET,48,0.25,67.83,43.75,29.17
2022,3,UAE_PROPERTY_INVESTMENT,41,0.73,80.83,48.78,19.51
2022,3,UAE_REAL_ESTATE_MARKET,52,1.25,72.83,57.69,21.15
2022,4,AFFORDABLE_HOUSING_UAE,41,0.22,69.56,43.9,19.51
2022,4,ARAMCO_UAE_OIL,44,0.92,85.7,50.0,18.18
2022,4,DLD_TRANSACTIONS,53,0.87,75.47,47.17,15.09
2022,4,DUBAI_INFRASTRUCTURE,31,0.85,76.26,51.61,22.58
2022,4,DUBAI_LUXURY_REAL_ESTATE,36,-0.01,79.0,41.67,30.56
2022,4,DUBAI_PROPERTY_PRICES,36,0.84,67.08,52.78,25.0
2022,4,DUBAI_RENTAL_MARKET,39,0.99,75.38,48.72,20.51
2022,4,DUBAI_TOURISM,37,0.35,84.57,51.35,24.32
2022,4,EXPO2020_DUBAI,45,0.54,80.02,48.89,28.89
2022,4,GOLDEN_VISA_UAE,35,0.93,78.17,40.0,11.43
2022,4,OFFPLAN_SALES_UAE,38,0.64,78.32,36.84,18.42
2022,4,PROPTECH_UAE,36,0.18,77.72,38.89,27.78
2022,4,REITS_UAE,46,1.04,78.93,43.48,19.57
2022,4,SUSTAINABLE_BUILDINGS_UAE,37,0.33,76.76,43.24,24.32
2022,4,UAE_CRYPTO_REGULATION,50,0.88,69.96,50.0,20.0
2022,4,UAE_ECONOMY_GROWTH,39,1.53,91.64,51.28,12.82
2022,4,UAE_FINTECH,45,1.33,64.96,57.78,13.33
2022,4,UAE_MORTGAGE_MARKET,37,1.19,72.95,45.95,18.92
2022,4,UAE_PROPERTY_INVESTMENT,36,1.13,86.08,61.11,13.89
2022,4,UAE_REAL_ESTATE_MARKET,40,0.87,82.98,47.5,22.5
2022,5,AFFORDABLE_HOUSING_UAE,44,0.45,69.18,47.73,27.27
2022,5,ARAMCO_UAE_OIL,40,0.78,84.18,52.5,22.5
2022,5,DLD_TRANSACTIONS,45,0.68,81.87,40.0,22.22
2022,5,DUBAI_INFRASTRUCTURE,30,0.88,66.5,56.67,20.0
2022,5,DUBAI_LUXURY_REAL_ESTATE,39,0.59,68.74,43.59,12.82
2022,5,DUBAI_PROPERTY_PRICES,40,0.73,69.18,50.0,20.0
2022,5,DUBAI_RENTAL_MARKET,31,0.47,80.23,48.39,29.03
2022,5,DUBAI_TOURISM,46,0.4,75.11,36.96,26.09
2022,5,EXPO2020_DUBAI,43,0.58,77.98,51.16,25.58
2022,5,GOLDEN_VISA_UAE,47,1.46,77.96,55.32,14.89
2022,5,OFFPLAN_SALES_UAE,51,0.54,74.43,47.06,25.49
2022,5,PROPTECH_UAE,44,-0.36,78.0,38.64,34.09
2022,5,REITS_UAE,44,0.44,68.98,45.45,27.27
2022,5,SUSTAINABLE_BUILDINGS_UAE,49,0.52,82.9,44.9,22.45
2022,5,UAE_CRYPTO_REGULATION,54,1.25,80.09,51.85,14.81
2022,5,UAE_ECONOMY_GROWTH,51,0.24,79.04,41.18,27.45
2022,5,UAE_FINTECH,44,1.27,73.73,54.55,15.91
2022,5,UAE_MORTGAGE_MARKET,44,0.22,80.91,36.36,22.73
2022,5,UAE_PROPERTY_INVESTMENT,33,0.48,93.21,39.39,18.18
2022,5,UAE_REAL_ESTATE_MARKET,41,0.12,65.0,46.34,29.27
2022,6,AFFORDABLE_HOUSING_UAE,48,1.27,72.77,62.5,14.58
2022,6,ARAMCO_UAE_OIL,30,0.77,77.93,50.0,16.67
2022,6,DLD_TRANSACTIONS,39,0.09,75.9,41.03,20.51
2022,6,DUBAI_INFRASTRUCTURE,42,1.42,80.14,52.38,11.9
2022,6,DUBAI_LUXURY_REAL_ESTATE,36,0.8,69.5,38.89,22.22
2022,6,DUBAI_PROPERTY_PRICES,39,1.15,71.54,53.85,20.51
2022,6,DUBAI_RENTAL_MARKET,48,0.32,74.69,58.33,33.33
2022,6,DUBAI_TOURISM,40,1.15,72.65,50.0,20.0
2022,6,EXPO2020_DUBAI,43,0.73,78.05,48.84,23.26
2022,6,GOLDEN_VISA_UAE,33,0.31,80.61,33.33,27.27
2022,6,OFFPLAN_SALES_UAE,35,-0.39,71.0,40.0,34.29
2022,6,PROPTECH_UAE,46,1.3,75.33,50.0,15.22
2022,6,REITS_UAE,47,1.09,73.74,55.32,14.89
2022,6,SUSTAINABLE_BUILDINGS_UAE,42,1.29,81.9,59.52,14.29
2022,6,UAE_CRYPTO_REGULATION,39,0.51,71.44,46.15,25.64
2022,6,UAE_ECONOMY_GROWTH,36,0.4,75.08,41.67,25.0
2022,6,UAE_FINTECH,36,0.87,71.72,41.67,22.22
2022,6,UAE_MORTGAGE_MARKET,39,0.55,76.46,48.72,25.64
2022,6,UAE_PROPERTY_INVESTMENT,39,0.86,81.92,56.41,17.95
2022,6,UAE_REAL_ESTATE_MARKET,51,1.8,71.0,64.71,15.69
2022,7,AFFORDABLE_HOUSING_UAE,57,0.61,69.75,47.37,21.05
2022,7,ARAMCO_UAE_OIL,37,0.46,70.7,37.84,21.62
2022,7,DLD_TRANSACTIONS,52,0.72,74.15,46.15,19.23
2022,7,DUBAI_INFRASTRUCTURE,45,0.48,75.09,42.22,22.22
2022,7,DUBAI_LUXURY_REAL_ESTATE,51,0.6,70.88,49.02,27.45
2022,7,DUBAI_PROPERTY_PRICES,52,1.08,74.87,57.69,17.31
2022,7,DUBAI_RENTAL_MARKET,39,2.03,78.18,69.23,10.26
2022,7,DUBAI_TOURISM,43,1.02,78.37,46.51,18.6
2022,7,EXPO2020_DUBAI,42,0.96,69.76,45.24,11.9
2022,7,GOLDEN_VISA_UAE,34,0.39,83.85,50.0,26.47
2022,7,OFFPLAN_SALES_UAE,44,0.69,75.68,50.0,22.73
2022,7,PROPTECH_UAE,36,1.0,86.14,41.67,16.67
2022,7,REITS_UAE,47,0.88,73.89,51.06,19.15
2022,7,SUSTAINABLE_BUILDINGS_UAE,43,1.77,76.49,55.81,13.95
2022,7,UAE_CRYPTO_REGULATION,27,1.79,69.26,70.37,11.11
2022,7,UAE_ECONOMY_GROWTH,40,-0.08,63.82,40.0,30.0
2022,7,UAE_FINTECH,56,0.96,75.25,46.43,21.43
2022,7,UAE_MORTGAGE_MARKET,40,1.18,78.15,50.0,25.0
2022,7,UAE_PROPERTY_INVESTMENT,34,0.77,66.68,41.18,14.71
2022,7,UAE_REAL_ESTATE_MARKET,38,0.99,87.74,44.74,15.79
2022,8,AFFORDABLE_HOUSING_UAE,28,1.56,76.54,57.14,17.86
2022,8,ARAMCO_UAE_OIL,36,0.35,73.53,38.89,27.78
2022,8,DLD_TRANSACTIONS,46,0.34,82.67,39.13,23.91
2022,8,DUBAI_INFRASTRUCTURE,42,1.18,72.29,47.62,16.67
2022,8,DUBAI_LUXURY_REAL_ESTATE,39,1.24,74.46,53.85,12.82
2022,8,DUBAI_PROPERTY_PRICES,41,1.15,71.66,56.1,19.51
2022,8,DUBAI_RENTAL_MARKET,46,0.8,79.15,47.83,23.91
2022,8,DUBAI_TOURISM,45,0.69,71.87,48.89,26.67
2022,8,EXPO2020_DUBAI,40,-0.08,73.92,42.5,30.0
2022,8,GOLDEN_VISA_UAE,45,0.38,78.42,42.22,22.22
2022,8,OFFPLAN_SALES_UAE,36,1.19,68.56,47.22,13.89
2022,8,PROPTECH_UAE,40,1.17,69.85,55.0,12.5
2022,8,REITS_UAE,45,0.55,70.33,42.22,22.22
2022,8,SUSTAINABLE_BUILDINGS_UAE,34,1.33,67.15,52.94,20.59
2022,8,UAE_CRYPTO_REGULATION,38,0.27,77.71,42.11,23.68
2022,8,UAE_ECONOMY_GROWTH,29,2.02,68.72,72.41,3.45
2022,8,UAE_FINTECH,39,0.62,70.28,46.15,23.08
2022,8,UAE_MORTGAGE_MARKET,43,1.45,68.16,51.16,18.6
2022,8,UAE_PROPERTY_INVESTMENT,34,0.87,73.65,47.06,17.65
2022,8,UAE_REAL_ESTATE_MARKET,44,0.79,67.07,40.91,27.27
2022,9,AFFORDABLE_HOUSING_UAE,32,1.53,78.34,65.62,18.75
2022,9,ARAMCO_UAE_OIL,39,1.75,81.0,58.97,10.26
2022,9,DLD_TRANSACTIONS,49,0.09,79.16,42.86,18.37
2022,9,DUBAI_INFRASTRUCTURE,53,0.86,74.32,50.94,24.53
2022,9,DUBAI_LUXURY_REAL_ESTATE,38,1.29,70.26,55.26,15.79
2022,9,DUBAI_PROPERTY_PRICES,49,0.38,76.27,42.86,22.45
2022,9,DUBAI_RENTAL_MARKET,33,0.46,59.58,48.48,33.33
2022,9,DUBAI_TOURISM,38,0.53,68.47,44.74,21.05
2022,9,EXPO2020_DUBAI,52,-0.55,78.58,40.38,40.38
2022,9,GOLDEN_VISA_UAE,48,0.58,72.0,45.83,20.83
2022,9,OFFPLAN_SALES_UAE,35,1.33,80.11,65.71,17.14
2022,9,PROPTECH_UAE,49,0.98,72.41,48.98,20.41
2022,9,REITS_UAE,50,0.93,76.16,58.0,26.0
2022,9,SUSTAINABLE_BUILDINGS_UAE,47,1.19,71.11,55.32,19.15
2022,9,UAE_CRYPTO_REGULATION,48,0.33,69.98,37.5,20.83
2022,9,UAE_ECONOMY_GROWTH,44,1.33,73.8,52.27,15.91
2022,9,UAE_FINTECH,44,1.28,79.36,56.82,13.64
2022,9,UAE_MORTGAGE_MARKET,45,1.28,78.27,51.11,15.56
2022,9,UAE_PROPERTY_INVESTMENT,36,2.59,81.03,66.67,8.33
2022,9,UAE_REAL_ESTATE_MARKET,36,1.6,73.14,61.11,11.11
2022,10,AFFORDABLE_HOUSING_UAE,45,1.62,83.44,57.78,15.56
2022,10,ARAMCO_UAE_OIL,42,1.2,73.67,57.14,14.29
2022,10,DLD_TRANSACTIONS,38,0.36,72.55,42.11,18.42
2022,10,DUBAI_INFRASTRUCTURE,43,1.95,76.67,65.12,13.95
2022,10,DUBAI_LUXURY_REAL_ESTATE,39,0.47,74.23,35.9,23.08
2022,10,DUBAI_PROPERTY_PRICES,44,-0.3,81.91,36.36,29.55
2022,10,DUBAI_RENTAL_MARKET,42,0.44,82.36,42.86,26.19
2022,10,DUBAI_TOURISM,50,1.61,72.24,54.0,12.0
2022,10,EXPO2020_DUBAI,48,0.71,76.08,41.67,20.83
2022,10,GOLDEN_VISA_UAE,43,1.65,82.12,58.14,13.95
2022,10,OFFPLAN_SALES_UAE,47,0.3,78.72,44.68,25.53
2022,10,PROPTECH_UAE,38,0.97,89.92,47.37,18.42
2022,10,REITS_UAE,34,0.81,79.74,41.18,17.65
2022,10,SUSTAINABLE_BUILDINGS_UAE,42,1.4,67.21,59.52,21.43
2022,10,UAE_CRYPTO_REGULATION,46,0.88,81.39,47.83,19.57
2022,10,UAE_ECONOMY_GROWTH,45,1.06,70.56,55.56,15.56
2022,10,UAE_FINTECH,31,1.0,83.52,58.06,16.13
2022,10,UAE_MORTGAGE_MARKET,51,0.99,70.49,49.02,19.61
2022,10,UAE_PROPERTY_INVESTMENT,38,0.73,68.63,55.26,23.68
2022,10,UAE_REAL_ESTATE_MARKET,45,0.58,82.16,40.0,20.0
2022,11,AFFORDABLE_HOUSING_UAE,40,0.79,88.2,42.5,20.0
2022,11,ARAMCO_UAE_OIL,35,0.28,63.8,48.57,20.0
2022,11,DLD_TRANSACTIONS,29,1.75,76.41,65.52,13.79
2022,11,DUBAI_INFRASTRUCTURE,42,0.21,64.12,30.95,23.81
2022,11,DUBAI_LUXURY_REAL_ESTATE,46,1.68,64.15,67.39,13.04
2022,11,DUBAI_PROPERTY_PRICES,48,1.34,73.54,54.17,10.42
2022,11,DUBAI_RENTAL_MARKET,42,0.16,76.48,45.24,26.19
2022,11,DUBAI_TOURISM,46,0.63,79.48,47.83,26.09
2022,11,EXPO2020_DUBAI,56,0.86,70.43,48.21,23.21
2022,11,GOLDEN_VISA_UAE,41,0.59,84.1,46.34,24.39
2022,11,OFFPLAN_SALES_UAE,31,1.25,69.68,48.39,12.9
2022,11,PROPTECH_UAE,51,1.38,83.39,58.82,9.8
2022,11,REITS_UAE,38,0.61,78.47,50.0,28.95
2022,11,SUSTAINABLE_BUILDINGS_UAE,36,1.35,78.89,63.89,19.44
2022,11,UAE_CRYPTO_REGULATION,37,0.74,85.73,56.76,21.62
2022,11,UAE_ECONOMY_GROWTH,36,1.1,62.28,55.56,13.89
2022,11,UAE_FINTECH,44,1.06,74.66,61.36,13.64
2022,11,UAE_MORTGAGE_MARKET,33,0.79,81.7,51.52,27.27
2022,11,UAE_PROPERTY_INVESTMENT,40,0.44,83.02,40.0,20.0
2022,11,UAE_REAL_ESTATE_MARKET,42,0.7,83.26,42.86,11.9
2022,12,AFFORDABLE_HOUSING_UAE,41,1.51,68.29,65.85,12.2
2022,12,ARAMCO_UAE_OIL,40,0.02,76.0,35.0,22.5
2022,12,DLD_TRANSACTIONS,50,1.1,69.28,50.0,14.0
2022,12,DUBAI_INFRASTRUCTURE,40,1.29,82.6,62.5,20.0
2022,12,DUBAI_LUXURY_REAL_ESTATE,48,0.16,79.08,41.67,25.0
2022,12,DUBAI_PROPERTY_PRICES,35,0.67,60.09,40.0,17.14
2022,12,DUBAI_RENTAL_MARKET,45,0.81,76.49,48.89,26.67
2022,12,DUBAI_TOURISM,35,0.66,59.06,54.29,25.71
2022,12,EXPO2020_DUBAI,43,0.25,69.84,32.56,23.26
2022,12,GOLDEN_VISA_UAE,46,0.44,85.22,43.48,30.43
2022,12,OFFPLAN_SALES_UAE,50,0.95,72.64,44.0,18.0
2022,12,PROPTECH_UAE,40,0.48,70.15,37.5,20.0
2022,12,REITS_UAE,41,-0.25,82.32,29.27,24.39
2022,12,SUSTAINABLE_BUILDINGS_UAE,44,1.52,74.2,50.0,9.09
2022,12,UAE_CRYPTO_REGULATION,41,-0.14,83.27,39.02,36.59
2022,12,UAE_ECONOMY_GROWTH,39,0.87,66.95,48.72,15.38
2022,12,UAE_FINTECH,38,0.76,73.18,47.37,18.42
2022,12,UAE_MORTGAGE_MARKET,39,0.79,76.23,43.59,23.08
2022,12,UAE_PROPERTY_INVESTMENT,51,0.71,78.96,45.1,23.53
2022,12,UAE_REAL_ESTATE_MARKET,50,0.69,58.44,46.0,18.0
2023,1,AFFORDABLE_HOUSING_UAE,54,1.26,77.33,50.0,20.37
2023,1,ARAMCO_UAE_OIL,47,0.55,78.68,48.94,21.28
2023,1,DLD_TRANSACTIONS,42,1.94,68.38,59.52,11.9
2023,1,DUBAI_INFRASTRUCTURE,40,1.59,76.1,55.0,12.5
2023,1,DUBAI_LUXURY_REAL_ESTATE,54,0.57,87.06,50.0,20.37
2023,1,DUBAI_PROPERTY_PRICES,45,0.92,92.04,53.33,20.0
2023,1,DUBAI_RENTAL_MARKET,50,0.92,69.92,54.0,16.0
2023,1,DUBAI_TOURISM,30,0.84,87.4,50.0,16.67
2023,1,EXPO2020_DUBAI,42,0.65,87.57,45.24,26.19
2023,1,GOLDEN_VISA_UAE,47,0.74,74.04,44.68,21.28
2023,1,OFFPLAN_SALES_UAE,49,0.89,62.35,46.94,18.37
2023,1,PROPTECH_UAE,39,0.89,76.13,58.97,17.95
2023,1,REITS_UAE,47,0.23,69.15,36.17,21.28
2023,1,SUSTAINABLE_BUILDINGS_UAE,50,0.9,83.22,44.0,22.0
2023,1,UAE_CRYPTO_REGULATION,46,0.63,84.91,41.3,28.26
2023,1,UAE_ECONOMY_GROWTH,53,1.05,70.53,50.94,11.32
2023,1,UAE_FINTECH,45,1.27,78.62,55.56,11.11
2023,1,UAE_MORTGAGE_MARKET,27,0.82,77.52,48.15,22.22
2023,1,UAE_PROPERTY_INVESTMENT,48,0.81,69.5,54.17,18.75
2023,1,UAE_REAL_ESTATE_MARKET,54,0.81,68.44,46.3,18.52
2023,2,AFFORDABLE_HOUSING_UAE,51,0.35,86.1,45.1,25.49
2023,2,ARAMCO_UAE_OIL,37,1.18,69.0,45.95,13.51
2023,2,DLD_TRANSACTIONS,39,0.82,73.92,46.15,23.08
2023,2,DUBAI_INFRASTRUCTURE,27,1.23,79.04,62.96,22.22
2023,2,DUBAI_LUXURY_REAL_ESTATE,29,1.28,78.45,62.07,13.79
2023,2,DUBAI_PROPERTY_PRICES,40,0.24,79.6,45.0,17.5
2023,2,DUBAI_RENTAL_MARKET,36,0.56,89.97,55.56,25.0
2023,2,DUBAI_TOURISM,43,1.58,71.67,58.14,16.28
2023,2,EXPO2020_DUBAI,42,-0.27,72.45,45.24,35.71
2023,2,GOLDEN_VISA_UAE,45,0.7,82.93,44.44,28.89
2023,2,OFFPLAN_SALES_UAE,37,1.54,69.62,56.76,10.81
2023,2,PROPTECH_UAE,31,0.92,77.68,45.16,16.13
2023,2,REITS_UAE,35,1.02,69.86,48.57,20.0
2023,2,SUSTAINABLE_BUILDINGS_UAE,52,0.54,82.58,40.38,23.08
2023,2,UAE_CRYPTO_REGULATION,33,1.4,68.24,51.52,9.09
2023,2,UAE_ECONOMY_GROWTH,24,1.53,63.83,58.33,16.67
2023,2,UAE_FINTECH,36,1.25,78.33,52.78,27.78
2023,2,UAE_MORTGAGE_MARKET,31,1.2,88.35,61.29,25.81
2023,2,UAE_PROPERTY_INVESTMENT,41,1.38,74.05,60.98,21.95
2023,2,UAE_REAL_ESTATE_MARKET,48,0.93,79.25,52.08,20.83
2023,3,AFFORDABLE_HOUSING_UAE,55,0.18,66.36,40.0,23.64
2023,3,ARAMCO_UAE_OIL,46,1.05,74.15,54.35,17.39
2023,3,DLD_TRANSACTIONS,41,1.21,72.27,56.1,19.51
2023,3,DUBAI_INFRASTRUCTURE,51,0.96,82.27,41.18,15.69
2023,3,DUBAI_LUXURY_REAL_ESTATE,50,0.38,74.98,46.0,28.0
2023,3,DUBAI_PROPERTY_PRICES,43,0.52,79.84,44.19,25.58
2023,3,DUBAI_RENTAL_MARKET,46,0.81,74.65,45.65,19.57
2023,3,DUBAI_TOURISM,35,1.34,68.14,48.57,20.0
2023,3,EXPO2020_DUBAI,42,1.07,78.14,40.48,19.05
2023,3,GOLDEN_VISA_UAE,51,0.79,77.59,50.98,19.61
2023,3,OFFPLAN_SALES_UAE,40,0.02,77.65,37.5,32.5
2023,3,PROPTECH_UAE,45,1.74,76.91,62.22,11.11
2023,3,REITS_UAE,35,0.54,67.71,45.71,28.57
2023,3,SUSTAINABLE_BUILDINGS_UAE,45,0.22,78.31,44.44,31.11
2023,3,UAE_CRYPTO_REGULATION,33,1.61,82.7,63.64,21.21
2023,3,UAE_ECONOMY_GROWTH,51,1.43,68.2,50.98,17.65
2023,3,UAE_FINTECH,29,-0.14,84.59,37.93,31.03
2023,3,UAE_MORTGAGE_MARKET,52,0.67,67.81,50.0,23.08
2023,3,UAE_PROPERTY_INVESTMENT,44,1.52,69.11,54.55,9.09
2023,3,UAE_REAL_ESTATE_MARKET,34,1.14,86.5,52.94,20.59
2023,4,AFFORDABLE_HOUSING_UAE,33,1.85,91.39,66.67,9.09
2023,4,ARAMCO_UAE_OIL,51,0.45,59.24,41.18,25.49
2023,4,DLD_TRANSACTIONS,46,1.32,71.3,54.35,17.39
2023,4,DUBAI_INFRASTRUCTURE,42,1.47,75.1,52.38,19.05
2023,4,DUBAI_LUXURY_REAL_ESTATE,46,0.85,80.5,50.0,19.57
2023,4,DUBAI_PROPERTY_PRICES,43,0.97,70.86,48.84,18.6
2023,4,DUBAI_RENTAL_MARKET,41,0.4,77.66,48.78,26.83
2023,4,DUBAI_TOURISM,33,1.1,70.7,63.64,18.18
2023,4,EXPO2020_DUBAI,43,0.77,81.23,51.16,25.58
2023,4,GOLDEN_VISA_UAE,37,1.19,70.81,54.05,18.92
2023,4,OFFPLAN_SALES_UAE,37,0.43,72.73,43.24,27.03
2023,4,PROPTECH_UAE,47,1.15,79.43,48.94,21.28
2023,4,REITS_UAE,39,1.48,83.9,66.67,12.82
2023,4,SUSTAINABLE_BUILDINGS_UAE,43,1.22,74.23,48.84,13.95
2023,4,UAE_CRYPTO_REGULATION,43,1.12,68.84,48.84,20.93
2023,4,UAE_ECONOMY_GROWTH,40,0.95,62.75,60.0,27.5
2023,4,UAE_FINTECH,42,0.89,74.93,50.0,16.67
2023,4,UAE_MORTGAGE_MARKET,38,0.16,65.29,42.11,28.95
2023,4,UAE_PROPERTY_INVESTMENT,31,1.34,77.65,48.39,16.13
2023,4,UAE_REAL_ESTATE_MARKET,45,0.6,72.96,48.89,24.44
2023,5,AFFORDABLE_HOUSING_UAE,35,1.14,81.54,60.0,25.71
2023,5,ARAMCO_UAE_OIL,44,1.0,76.66,45.45,15.91
2023,5,DLD_TRANSACTIONS,44,1.66,74.64,59.09,11.36
2023,5,DUBAI_INFRASTRUCTURE,47,0.66,71.91,46.81,23.4
2023,5,DUBAI_LUXURY_REAL_ESTATE,42,1.21,78.07,54.76,16.67
2023,5,DUBAI_PROPERTY_PRICES,53,1.06,75.68,47.17,22.64
2023,5,DUBAI_RENTAL_MARKET,44,1.0,70.39,45.45,13.64
2023,5,DUBAI_TOURISM,49,1.28,81.16,46.94,16.33
2023,5,EXPO2020_DUBAI,44,0.52,69.43,40.91,18.18
2023,5,GOLDEN_VISA_UAE,40,1.23,80.45,57.5,20.0
2023,5,OFFPLAN_SALES_UAE,45,1.24,81.91,46.67,22.22
2023,5,PROPTECH_UAE,41,0.02,65.24,41.46,39.02
2023,5,REITS_UAE,50,0.37,78.2,36.0,22.0
2023,5,SUSTAINABLE_BUILDINGS_UAE,44,-0.19,62.77,43.18,34.09
2023,5,UAE_CRYPTO_REGULATION,39,2.01,79.46,69.23,12.82
2023,5,UAE_ECONOMY_GROWTH,40,0.24,85.42,50.0,22.5
2023,5,UAE_FINTECH,37,0.41,74.14,43.24,24.32
2023,5,UAE_MORTGAGE_MARKET,36,1.07,72.75,50.0,11.11
2023,5,UAE_PROPERTY_INVESTMENT,41,1.46,76.22,58.54,12.2
2023,5,UAE_REAL_ESTATE_MARKET,39,0.9,61.77,46.15,25.64
2023,6,AFFORDABLE_HOUSING_UAE,54,1.38,67.93,50.0,16.67
2023,6,ARAMCO_UAE_OIL,44,1.67,58.57,61.36,13.64
2023,6,DLD_TRANSACTIONS,40,0.17,77.22,45.0,25.0
2023,6,DUBAI_INFRASTRUCTURE,55,0.4,72.56,49.09,29.09
2023,6,DUBAI_LUXURY_REAL_ESTATE,36,-0.32,75.86,30.56,33.33
2023,6,DUBAI_PROPERTY_PRICES,35,1.52,79.69,62.86,17.14
2023,6,DUBAI_RENTAL_MARKET,41,0.45,77.07,51.22,26.83
2023,6,DUBAI_TOURISM,40,0.86,87.3,52.5,12.5
2023,6,EXPO2020_DUBAI,41,0.99,67.27,58.54,19.51
2023,6,GOLDEN_VISA_UAE,54,1.56,81.02,53.7,11.11
2023,6,OFFPLAN_SALES_UAE,52,0.34,73.9,42.31,32.69
2023,6,PROPTECH_UAE,45,1.17,75.64,53.33,26.67
2023,6,REITS_UAE,49,1.17,78.88,55.1,16.33
2023,6,SUSTAINABLE_BUILDINGS_UAE,34,0.78,61.97,55.88,29.41
2023,6,UAE_CRYPTO_REGULATION,31,1.09,86.42,61.29,16.13
2023,6,UAE_ECONOMY_GROWTH,39,0.61,78.82,48.72,33.33
2023,6,UAE_FINTECH,31,0.17,77.03,35.48,22.58
2023,6,UAE_MORTGAGE_MARKET,47,0.28,77.6,40.43,31.91
2023,6,UAE_PROPERTY_INVESTMENT,40,1.31,71.9,55.0,15.0
2023,6,UAE_REAL_ESTATE_MARKET,44,0.21,68.14,38.64,27.27
2023,7,AFFORDABLE_HOUSING_UAE,47,0.7,73.91,48.94,21.28
2023,7,ARAMCO_UAE_OIL,57,1.09,79.68,54.39,10.53
2023,7,DLD_TRANSACTIONS,44,0.81,77.8,43.18,20.45
2023,7,DUBAI_INFRASTRUCTURE,54,1.51,79.59,51.85,9.26
2023,7,DUBAI_LUXURY_REAL_ESTATE,40,1.29,72.85,50.0,17.5
2023,7,DUBAI_PROPERTY_PRICES,48,0.98,77.33,54.17,16.67
2023,7,DUBAI_RENTAL_MARKET,47,1.38,76.57,53.19,19.15
2023,7,DUBAI_TOURISM,38,0.48,74.42,44.74,21.05
2023,7,EXPO2020_DUBAI,47,0.94,80.36,46.81,19.15
2023,7,GOLDEN_VISA_UAE,50,0.57,68.96,44.0,24.0
2023,7,OFFPLAN_SALES_UAE,31,0.76,76.0,38.71,19.35
2023,7,PROPTECH_UAE,50,-0.14,75.16,42.0,28.0
2023,7,REITS_UAE,39,0.1,77.56,46.15,28.21
2023,7,SUSTAINABLE_BUILDINGS_UAE,38,0.83,72.03,60.53,18.42
2023,7,UAE_CRYPTO_REGULATION,45,0.83,82.98,57.78,22.22
2023,7,UAE_ECONOMY_GROWTH,46,1.35,83.96,50.0,13.04
2023,7,UAE_FINTECH,37,1.97,77.08,64.86,8.11
2023,7,UAE_MORTGAGE_MARKET,47,1.65,73.3,59.57,10.64
2023,7,UAE_PROPERTY_INVESTMENT,39,2.0,73.95,53.85,12.82
2023,7,UAE_REAL_ESTATE_MARKET,43,1.41,82.56,60.47,25.58
2023,8,AFFORDABLE_HOUSING_UAE,51,1.33,73.1,50.98,13.73
2023,8,ARAMCO_UAE_OIL,41,1.92,72.39,63.41,12.2
2023,8,DLD_TRANSACTIONS,44,0.51,74.55,54.55,29.55
2023,8,DUBAI_INFRASTRUCTURE,47,1.59,83.15,55.32,10.64
2023,8,DUBAI_LUXURY_REAL_ESTATE,33,1.41,75.21,48.48,18.18
2023,8,DUBAI_PROPERTY_PRICES,38,0.92,83.0,52.63,18.42
2023,8,DUBAI_RENTAL_MARKET,40,0.53,86.92,42.5,22.5
2023,8,DUBAI_TOURISM,35,1.28,75.4,51.43,22.86
2023,8,EXPO2020_DUBAI,42,0.47,78.93,45.24,23.81
2023,8,GOLDEN_VISA_UAE,40,0.95,90.58,47.5,15.0
2023,8,OFFPLAN_SALES_UAE,46,1.28,79.52,54.35,15.22
2023,8,PROPTECH_UAE,43,0.89,79.7,46.51,23.26
2023,8,REITS_UAE,46,1.17,79.72,58.7,23.91
2023,8,SUSTAINABLE_BUILDINGS_UAE,33,1.72,78.18,54.55,12.12
2023,8,UAE_CRYPTO_REGULATION,36,0.44,84.72,47.22,22.22
2023,8,UAE_ECONOMY_GROWTH,37,1.02,70.16,54.05,24.32
2023,8,UAE_FINTECH,55,0.84,83.22,47.27,27.27
2023,8,UAE_MORTGAGE_MARKET,39,0.06,72.33,35.9,23.08
2023,8,UAE_PROPERTY_INVESTMENT,35,0.63,84.8,48.57,22.86
2023,8,UAE_REAL_ESTATE_MARKET,59,1.61,65.97,57.63,15.25
2023,9,AFFORDABLE_HOUSING_UAE,39,0.58,75.38,46.15,17.95
2023,9,ARAMCO_UAE_OIL,43,0.08,75.91,46.51,30.23
2023,9,DLD_TRANSACTIONS,65,0.94,68.97,50.77,20.0
2023,9,DUBAI_INFRASTRUCTURE,40,0.05,81.55,40.0,25.0
2023,9,DUBAI_LUXURY_REAL_ESTATE,40,0.29,64.45,37.5,25.0
2023,9,DUBAI_PROPERTY_PRICES,38,0.86,67.89,44.74,26.32
2023,9,DUBAI_RENTAL_MARKET,40,0.44,84.35,40.0,20.0
2023,9,DUBAI_TOURISM,38,1.59,85.34,52.63,13.16
2023,9,EXPO2020_DUBAI,55,1.39,79.29,50.91,18.18
2023,9,GOLDEN_VISA_UAE,32,1.82,71.06,59.38,18.75
2023,9,OFFPLAN_SALES_UAE,49,1.26,77.71,48.98,10.2
2023,9,PROPTECH_UAE,48,1.08,79.79,62.5,14.58
2023,9,REITS_UAE,35,0.62,80.6,54.29,17.14
2023,9,SUSTAINABLE_BUILDINGS_UAE,42,1.21,81.31,50.0,21.43
2023,9,UAE_CRYPTO_REGULATION,54,0.05,73.87,40.74,33.33
2023,9,UAE_ECONOMY_GROWTH,43,0.24,80.51,30.23,16.28
2023,9,UAE_FINTECH,43,1.57,72.19,60.47,13.95
2023,9,UAE_MORTGAGE_MARKET,37,0.89,57.38,51.35,18.92
2023,9,UAE_PROPERTY_INVESTMENT,45,0.52,71.87,46.67,28.89
2023,9,UAE_REAL_ESTATE_MARKET,36,1.37,74.81,58.33,19.44
2023,10,AFFORDABLE_HOUSING_UAE,41,0.43,86.22,43.9,24.39
2023,10,ARAMCO_UAE_OIL,45,0.58,75.76,48.89,17.78
2023,10,DLD_TRANSACTIONS,34,0.65,88.5,41.18,11.76
2023,10,DUBAI_INFRASTRUCTURE,42,1.0,75.69,52.38,19.05
2023,10,DUBAI_LUXURY_REAL_ESTATE,50,0.84,68.74,50.0,24.0
2023,10,DUBAI_PROPERTY_PRICES,33,0.78,88.58,54.55,18.18
2023,10,DUBAI_RENTAL_MARKET,47,0.69,70.3,48.94,23.4
2023,10,DUBAI_TOURISM,39,1.35,68.1,53.85,12.82
2023,10,EXPO2020_DUBAI,44,0.53,79.91,40.91,25.0
2023,10,GOLDEN_VISA_UAE,31,0.63,64.23,35.48,19.35
2023,10,OFFPLAN_SALES_UAE,38,1.53,72.87,57.89,10.53
2023,10,PROPTECH_UAE,37,1.06,76.43,51.35,18.92
2023,10,REITS_UAE,42,0.72,72.38,45.24,21.43
2023,10,SUSTAINABLE_BUILDINGS_UAE,33,0.54,78.45,48.48,24.24
2023,10,UAE_CRYPTO_REGULATION,32,0.87,73.03,62.5,21.88
2023,10,UAE_ECONOMY_GROWTH,44,0.82,72.68,50.0,25.0
2023,10,UAE_FINTECH,36,0.99,79.22,41.67,13.89
2023,10,UAE_MORTGAGE_MARKET,42,0.84,74.98,47.62,16.67
2023,10,UAE_PROPERTY_INVESTMENT,54,0.81,76.8,48.15,25.93
2023,10,UAE_REAL_ESTATE_MARKET,41,1.57,87.0,58.54,12.2
2023,11,AFFORDABLE_HOUSING_UAE,44,0.97,64.27,54.55,15.91
2023,11,ARAMCO_UAE_OIL,47,1.14,73.11,55.32,14.89
2023,11,DLD_TRANSACTIONS,44,0.39,79.93,43.18,22.73
2023,11,DUBAI_INFRASTRUCTURE,40,1.0,77.3,50.0,25.0
2023,11,DUBAI_LUXURY_REAL_ESTATE,36,1.2,74.69,55.56,19.44
2023,11,DUBAI_PROPERTY_PRICES,51,0.87,80.02,47.06,21.57
2023,11,DUBAI_RENTAL_MARKET,35,0.41,77.09,37.14,17.14
2023,11,DUBAI_TOURISM,37,0.97,79.3,48.65,16.22
2023,11,EXPO2020_DUBAI,37,1.2,84.81,59.46,18.92
2023,11,GOLDEN_VISA_UAE,40,0.15,74.47,32.5,25.0
2023,11,OFFPLAN_SALES_UAE,47,1.18,79.74,59.57,21.28
2023,11,PROPTECH_UAE,39,1.12,82.9,53.85,25.64
2023,11,REITS_UAE,48,0.1,75.94,47.92,27.08
2023,11,SUSTAINABLE_BUILDINGS_UAE,54,1.19,67.43,50.0,20.37
2023,11,UAE_CRYPTO_REGULATION,37,1.82,71.57,54.05,13.51
2023,11,UAE_ECONOMY_GROWTH,33,1.03,73.42,51.52,12.12
2023,11,UAE_FINTECH,43,1.14,78.16,67.44,16.28
2023,11,UAE_MORTGAGE_MARKET,34,1.44,62.74,61.76,17.65
2023,11,UAE_PROPERTY_INVESTMENT,41,1.01,70.02,46.34,9.76
2023,11,UAE_REAL_ESTATE_MARKET,46,2.01,70.52,65.22,13.04
2023,12,AFFORDABLE_HOUSING_UAE,25,1.4,98.52,44.0,12.0
2023,12,ARAMCO_UAE_OIL,51,0.26,93.06,41.18,29.41
2023,12,DLD_TRANSACTIONS,50,1.55,75.7,54.0,14.0
2023,12,DUBAI_INFRASTRUCTURE,35,1.0,81.34,48.57,25.71
2023,12,DUBAI_LUXURY_REAL_ESTATE,46,2.1,89.39,63.04,8.7
2023,12,DUBAI_PROPERTY_PRICES,38,0.2,80.55,36.84,21.05
2023,12,DUBAI_RENTAL_MARKET,36,1.5,75.97,63.89,16.67
2023,12,DUBAI_TOURISM,34,0.48,77.91,41.18,20.59
2023,12,EXPO2020_DUBAI,41,0.96,93.76,43.9,19.51
2023,12,GOLDEN_VISA_UAE,48,0.85,71.9,50.0,20.83
2023,12,OFFPLAN_SALES_UAE,45,0.99,76.89,53.33,20.0
2023,12,PROPTECH_UAE,37,1.32,82.22,48.65,2.7
2023,12,REITS_UAE,41,0.59,79.46,48.78,21.95
2023,12,SUSTAINABLE_BUILDINGS_UAE,42,-0.12,67.55,35.71,23.81
2023,12,UAE_CRYPTO_REGULATION,38,0.92,78.74,55.26,15.79
2023,12,UAE_ECONOMY_GROWTH,40,-0.12,68.42,45.0,42.5
2023,12,UAE_FINTECH,42,1.17,83.05,52.38,19.05
2023,12,UAE_MORTGAGE_MARKET,34,0.64,65.85,50.0,20.59
2023,12,UAE_PROPERTY_INVESTMENT,41,-0.06,86.02,43.9,26.83
2023,12,UAE_REAL_ESTATE_MARKET,44,0.22,88.8,52.27,31.82
2024,1,AFFORDABLE_HOUSING_UAE,37,1.09,74.86,56.76,18.92
2024,1,ARAMCO_UAE_OIL,34,1.17,80.06,47.06,14.71
2024,1,DLD_TRANSACTIONS,37,0.32,92.62,45.95,21.62
2024,1,DUBAI_INFRASTRUCTURE,32,1.15,72.41,53.12,25.0
2024,1,DUBAI_LUXURY_REAL_ESTATE,36,0.33,77.0,50.0,25.0
2024,1,DUBAI_PROPERTY_PRICES,34,2.08,67.03,64.71,11.76
2024,1,DUBAI_RENTAL_MARKET,45,0.73,75.22,40.0,15.56
2024,1,DUBAI_TOURISM,34,1.77,76.44,58.82,14.71
2024,1,EXPO2020_DUBAI,38,0.89,82.24,42.11,15.79
2024,1,GOLDEN_VISA_UAE,49,0.73,73.49,44.9,26.53
2024,1,OFFPLAN_SALES_UAE,26,0.74,78.73,38.46,19.23
2024,1,PROPTECH_UAE,39,0.79,72.13,53.85,23.08
2024,1,REITS_UAE,42,0.81,72.83,50.0,28.57
2024,1,SUSTAINABLE_BUILDINGS_UAE,42,0.38,78.43,47.62,23.81
2024,1,UAE_CRYPTO_REGULATION,43,0.6,87.51,44.19,23.26
2024,1,UAE_ECONOMY_GROWTH,29,1.92,73.72,62.07,10.34
2024,1,UAE_FINTECH,37,0.5,69.51,40.54,24.32
2024,1,UAE_MORTGAGE_MARKET,41,0.73,76.17,46.34,17.07
2024,1,UAE_PROPERTY_INVESTMENT,36,1.13,61.11,50.0,19.44
2024,1,UAE_REAL_ESTATE_MARKET,44,0.23,80.32,45.45,27.27
2024,2,AFFORDABLE_HOUSING_UAE,45,0.36,83.87,46.67,20.0
2024,2,ARAMCO_UAE_OIL,29,1.04,75.45,41.38,17.24
2024,2,DLD_TRANSACTIONS,43,0.65,82.14,58.14,27.91
2024,2,DUBAI_INFRASTRUCTURE,38,0.79,79.63,52.63,18.42
2024,2,DUBAI_LUXURY_REAL_ESTATE,43,1.09,75.49,51.16,16.28
2024,2,DUBAI_PROPERTY_PRICES,41,2.44,80.12,73.17,12.2
2024,2,DUBAI_RENTAL_MARKET,44,0.75,88.41,52.27,22.73
2024,2,DUBAI_TOURISM,34,0.91,81.03,50.0,14.71
2024,2,EXPO2020_DUBAI,36,1.05,86.11,50.0,16.67
2024,2,GOLDEN_VISA_UAE,31,1.59,67.23,54.84,12.9
2024,2,OFFPLAN_SALES_UAE,39,0.6,74.1,48.72,17.95
2024,2,PROPTECH_UAE,47,0.22,81.64,42.55,25.53
2024,2,REITS_UAE,36,1.27,70.61,55.56,13.89
2024,2,SUSTAINABLE_BUILDINGS_UAE,45,0.42,69.38,42.22,22.22
2024,2,UAE_CRYPTO_REGULATION,39,0.84,78.15,41.03,20.51
2024,2,UAE_ECONOMY_GROWTH,33,1.16,68.06,45.45,6.06
2024,2,UAE_FINTECH,48,1.83,82.23,64.58,8.33
2024,2,UAE_MORTGAGE_MARKET,41,0.76,67.88,43.9,26.83
2024,2,UAE_PROPERTY_INVESTMENT,37,0.02,75.43,43.24,24.32
2024,2,UAE_REAL_ESTATE_MARKET,47,1.84,81.57,59.57,17.02
2024,3,AFFORDABLE_HOUSING_UAE,55,0.53,72.67,41.82,25.45
2024,3,ARAMCO_UAE_OIL,46,1.0,75.5,54.35,15.22
2024,3,DLD_TRANSACTIONS,40,0.19,53.7,40.0,32.5
2024,3,DUBAI_INFRASTRUCTURE,37,0.84,80.22,45.95,21.62
2024,3,DUBAI_LUXURY_REAL_ESTATE,38,-0.1,76.11,36.84,28.95
2024,3,DUBAI_PROPERTY_PRICES,50,0.74,78.14,52.0,22.0
2024,3,DUBAI_RENTAL_MARKET,42,1.12,69.26,45.24,16.67
2024,3,DUBAI_TOURISM,38,0.1,82.37,44.74,28.95
2024,3,EXPO2020_DUBAI,43,0.97,63.37,58.14,20.93
2024,3,GOLDEN_VISA_UAE,45,1.06,85.76,46.67,15.56
2024,3,OFFPLAN_SALES_UAE,36,0.6,75.31,55.56,16.67
2024,3,PROPTECH_UAE,32,0.7,74.41,43.75,12.5
2024,3,REITS_UAE,38,-0.06,76.37,44.74,34.21
2024,3,SUSTAINABLE_BUILDINGS_UAE,47,0.65,77.04,46.81,27.66
2024,3,UAE_CRYPTO_REGULATION,37,1.15,76.03,54.05,13.51
2024,3,UAE_ECONOMY_GROWTH,44,1.22,66.52,59.09,18.18
2024,3,UAE_FINTECH,45,0.51,73.67,40.0,22.22
2024,3,UAE_MORTGAGE_MARKET,45,1.1,74.02,53.33,20.0
2024,3,UAE_PROPERTY_INVESTMENT,52,0.92,78.85,50.0,32.69
2024,3,UAE_REAL_ESTATE_MARKET,47,0.82,81.53,46.81,21.28
2024,4,AFFORDABLE_HOUSING_UAE,43,0.72,79.6,44.19,20.93
2024,4,ARAMCO_UAE_OIL,44,1.19,69.59,52.27,15.91
2024,4,DLD_TRANSACTIONS,47,0.53,78.17,44.68,21.28
2024,4,DUBAI_INFRASTRUCTURE,41,0.29,76.46,43.9,24.39
2024,4,DUBAI_LUXURY_REAL_ESTATE,39,1.91,59.18,58.97,15.38
2024,4,DUBAI_PROPERTY_PRICES,37,1.03,78.84,51.35,16.22
2024,4,DUBAI_RENTAL_MARKET,33,0.92,71.36,51.52,12.12
2024,4,DUBAI_TOURISM,46,-0.2,81.63,41.3,32.61
2024,4,EXPO2020_DUBAI,41,-0.33,87.8,31.71,31.71
2024,4,GOLDEN_VISA_UAE,51,0.99,75.04,47.06,25.49
2024,4,OFFPLAN_SALES_UAE,38,0.65,71.82,47.37,23.68
2024,4,PROPTECH_UAE,37,0.39,75.0,54.05,29.73
2024,4,REITS_UAE,37,0.9,75.73,59.46,27.03
2024,4,SUSTAINABLE_BUILDINGS_UAE,39,0.97,72.03,41.03,20.51
2024,4,UAE_CRYPTO_REGULATION,40,1.4,87.7,62.5,12.5
2024,4,UAE_ECONOMY_GROWTH,43,0.93,81.65,48.84,16.28
2024,4,UAE_FINTECH,38,1.62,69.53,60.53,18.42
2024,4,UAE_MORTGAGE_MARKET,24,1.69,65.33,54.17,4.17
2024,4,UAE_PROPERTY_INVESTMENT,40,1.21,80.1,47.5,15.0
2024,4,UAE_REAL_ESTATE_MARKET,46,0.18,74.0,39.13,19.57
2024,5,AFFORDABLE_HOUSING_UAE,37,0.1,85.84,45.95,29.73
2024,5,ARAMCO_UAE_OIL,57,0.46,83.07,47.37,26.32
2024,5,DLD_TRANSACTIONS,37,1.15,71.16,45.95,10.81
2024,5,DUBAI_INFRASTRUCTURE,41,0.09,59.54,43.9,24.39
2024,5,DUBAI_LUXURY_REAL_ESTATE,44,1.07,69.18,56.82,15.91
2024,5,DUBAI_PROPERTY_PRICES,40,0.26,79.35,45.0,27.5
2024,5,DUBAI_RENTAL_MARKET,41,1.32,75.66,51.22,19.51
2024,5,DUBAI_TOURISM,49,1.49,72.55,59.18,16.33
2024,5,EXPO2020_DUBAI,49,0.44,71.16,44.9,24.49
2024,5,GOLDEN_VISA_UAE,44,0.79,66.02,43.18,22.73
2024,5,OFFPLAN_SALES_UAE,42,0.57,76.24,47.62,26.19
2024,5,PROPTECH_UAE,45,0.61,81.11,42.22,24.44
2024,5,REITS_UAE,39,0.77,79.74,46.15,20.51
2024,5,SUSTAINABLE_BUILDINGS_UAE,41,0.53,76.02,46.34,26.83
2024,5,UAE_CRYPTO_REGULATION,46,1.63,74.11,52.17,10.87
2024,5,UAE_ECONOMY_GROWTH,42,1.47,71.93,50.0,14.29
2024,5,UAE_FINTECH,50,0.89,86.82,44.0,16.0
2024,5,UAE_MORTGAGE_MARKET,45,1.12,76.49,51.11,20.0
2024,5,UAE_PROPERTY_INVESTMENT,34,1.47,72.21,61.76,17.65
2024,5,UAE_REAL_ESTATE_MARKET,30,1.41,77.57,60.0,10.0
2024,6,AFFORDABLE_HOUSING_UAE,42,1.44,64.17,54.76,19.05
2024,6,ARAMCO_UAE_OIL,48,1.53,68.5,50.0,10.42
2024,6,DLD_TRANSACTIONS,45,1.25,89.76,57.78,15.56
2024,6,DUBAI_INFRASTRUCTURE,38,0.1,77.45,52.63,23.68
2024,6,DUBAI_LUXURY_REAL_ESTATE,51,0.85,87.33,52.94,21.57
2024,6,DUBAI_PROPERTY_PRICES,49,1.01,81.98,51.02,20.41
2024,6,DUBAI_RENTAL_MARKET,52,0.67,84.63,40.38,23.08
2024,6,DUBAI_TOURISM,32,0.32,77.16,43.75,28.12
2024,6,EXPO2020_DUBAI,44,0.47,81.57,40.91,25.0
2024,6,GOLDEN_VISA_UAE,42,0.5,69.21,47.62,30.95
2024,6,OFFPLAN_SALES_UAE,37,0.28,82.68,48.65,29.73
2024,6,PROPTECH_UAE,46,0.52,78.0,56.52,23.91
2024,6,REITS_UAE,41,1.33,68.61,63.41,14.63
2024,6,SUSTAINABLE_BUILDINGS_UAE,49,1.26,75.43,57.14,20.41
2024,6,UAE_CRYPTO_REGULATION,45,1.23,76.8,53.33,15.56
2024,6,UAE_ECONOMY_GROWTH,28,0.53,68.14,35.71,28.57
2024,6,UAE_FINTECH,50,0.74,73.22,48.0,22.0
2024,6,UAE_MORTGAGE_MARKET,39,0.72,74.0,46.15,23.08
2024,6,UAE_PROPERTY_INVESTMENT,36,0.51,74.83,47.22,25.0
2024,6,UAE_REAL_ESTATE_MARKET,48,-0.05,76.33,41.67,29.17
2024,7,AFFORDABLE_HOUSING_UAE,32,1.37,81.81,53.12,15.62
2024,7,ARAMCO_UAE_OIL,38,1.52,82.58,52.63,10.53
2024,7,DLD_TRANSACTIONS,34,0.8,58.44,38.24,23.53
2024,7,DUBAI_INFRASTRUCTURE,47,1.64,71.68,61.7,14.89
2024,7,DUBAI_LUXURY_REAL_ESTATE,51,1.09,68.43,54.9,19.61
2024,7,DUBAI_PROPERTY_PRICES,56,1.17,74.34,53.57,19.64
2024,7,DUBAI_RENTAL_MARKET,36,1.6,69.92,55.56,13.89
2024,7,DUBAI_TOURISM,45,1.28,77.53,64.44,15.56
2024,7,EXPO2020_DUBAI,43,0.8,87.65,53.49,20.93
2024,7,GOLDEN_VISA_UAE,51,1.64,78.75,60.78,15.69
2024,7,OFFPLAN_SALES_UAE,35,0.03,80.83,37.14,25.71
2024,7,PROPTECH_UAE,38,0.63,70.11,57.89,18.42
2024,7,REITS_UAE,35,1.28,86.86,54.29,11.43
2024,7,SUSTAINABLE_BUILDINGS_UAE,49,-0.05,79.53,34.69,32.65
2024,7,UAE_CRYPTO_REGULATION,39,1.32,87.87,58.97,23.08
2024,7,UAE_ECONOMY_GROWTH,50,-0.18,76.64,30.0,28.0
2024,7,UAE_FINTECH,48,0.99,70.9,43.75,20.83
2024,7,UAE_MORTGAGE_MARKET,51,0.44,76.18,43.14,27.45
2024,7,UAE_PROPERTY_INVESTMENT,42,0.78,81.93,50.0,28.57
2024,7,UAE_REAL_ESTATE_MARKET,31,1.46,77.23,54.84,12.9
2024,8,AFFORDABLE_HOUSING_UAE,38,0.12,69.39,50.0,28.95
2024,8,ARAMCO_UAE_OIL,40,1.06,55.62,52.5,20.0
2024,8,DLD_TRANSACTIONS,34,1.35,76.26,52.94,11.76
2024,8,DUBAI_INFRASTRUCTURE,60,1.01,75.22,51.67,21.67
2024,8,DUBAI_LUXURY_REAL_ESTATE,35,1.74,86.31,62.86,11.43
2024,8,DUBAI_PROPERTY_PRICES,42,1.01,75.05,57.14,14.29
2024,8,DUBAI_RENTAL_MARKET,43,0.93,73.56,53.49,20.93
2024,8,DUBAI_TOURISM,44,0.53,67.77,52.27,22.73
2024,8,EXPO2020_DUBAI,45,0.36,82.18,40.0,22.22
2024,8,GOLDEN_VISA_UAE,44,0.87,75.48,52.27,20.45
2024,8,OFFPLAN_SALES_UAE,38,0.98,70.34,52.63,15.79
2024,8,PROPTECH_UAE,37,0.68,76.78,54.05,21.62
2024,8,REITS_UAE,39,1.68,65.54,46.15,15.38
2024,8,SUSTAINABLE_BUILDINGS_UAE,45,0.42,77.16,48.89,26.67
2024,8,UAE_CRYPTO_REGULATION,36,0.76,83.14,50.0,22.22
2024,8,UAE_ECONOMY_GROWTH,40,0.39,79.75,45.0,30.0
2024,8,UAE_FINTECH,38,0.69,77.89,44.74,15.79
2024,8,UAE_MORTGAGE_MARKET,46,1.32,75.15,56.52,17.39
2024,8,UAE_PROPERTY_INVESTMENT,50,0.2,73.1,48.0,26.0
2024,8,UAE_REAL_ESTATE_MARKET,45,1.2,73.13,60.0,22.22
2024,9,AFFORDABLE_HOUSING_UAE,39,1.3,66.15,51.28,20.51
2024,9,ARAMCO_UAE_OIL,45,1.33,78.6,51.11,15.56
2024,9,DLD_TRANSACTIONS,38,1.86,79.92,63.16,13.16
2024,9,DUBAI_INFRASTRUCTURE,48,2.0,71.54,58.33,6.25
2024,9,DUBAI_LUXURY_REAL_ESTATE,44,0.69,74.95,45.45,18.18
2024,9,DUBAI_PROPERTY_PRICES,49,0.82,76.61,55.1,22.45
2024,9,DUBAI_RENTAL_MARKET,41,1.07,70.24,58.54,24.39
2024,9,DUBAI_TOURISM,33,1.22,81.58,66.67,24.24
2024,9,EXPO2020_DUBAI,43,1.22,83.47,62.79,18.6
2024,9,GOLDEN_VISA_UAE,38,0.61,70.29,36.84,21.05
2024,9,OFFPLAN_SALES_UAE,45,1.11,78.24,51.11,11.11
2024,9,PROPTECH_UAE,43,0.28,78.07,41.86,30.23
2024,9,REITS_UAE,46,1.09,81.87,47.83,13.04
2024,9,SUSTAINABLE_BUILDINGS_UAE,40,0.14,74.18,30.0,27.5
2024,9,UAE_CRYPTO_REGULATION,32,0.34,74.53,46.88,25.0
2024,9,UAE_ECONOMY_GROWTH,37,1.09,77.41,54.05,18.92
2024,9,UAE_FINTECH,39,0.41,62.79,46.15,28.21
2024,9,UAE_MORTGAGE_MARKET,46,1.19,83.07,52.17,15.22
2024,9,UAE_PROPERTY_INVESTMENT,49,0.94,69.67,51.02,18.37
2024,9,UAE_REAL_ESTATE_MARKET,49,1.01,82.59,53.06,24.49
2024,10,AFFORDABLE_HOUSING_UAE,40,-0.46,81.38,27.5,35.0
2024,10,ARAMCO_UAE_OIL,31,1.08,64.45,48.39,22.58
2024,10,DLD_TRANSACTIONS,34,1.17,73.35,61.76,17.65
2024,10,DUBAI_INFRASTRUCTURE,37,-0.02,68.81,35.14,24.32
2024,10,DUBAI_LUXURY_REAL_ESTATE,31,1.31,59.94,45.16,9.68
2024,10,DUBAI_PROPERTY_PRICES,40,2.15,76.05,70.0,7.5
2024,10,DUBAI_RENTAL_MARKET,49,0.55,89.47,46.94,18.37
2024,10,DUBAI_TOURISM,40,0.9,75.58,55.0,20.0
2024,10,EXPO2020_DUBAI,39,0.96,76.56,38.46,15.38
2024,10,GOLDEN_VISA_UAE,43,0.34,72.63,39.53,20.93
2024,10,OFFPLAN_SALES_UAE,48,0.72,64.83,50.0,27.08
2024,10,PROPTECH_UAE,40,1.31,76.53,57.5,22.5
2024,10,REITS_UAE,45,0.32,74.02,37.78,24.44
2024,10,SUSTAINABLE_BUILDINGS_UAE,44,1.12,77.77,59.09,15.91
2024,10,UAE_CRYPTO_REGULATION,41,0.72,73.76,51.22,14.63
2024,10,UAE_ECONOMY_GROWTH,56,1.31,80.18,55.36,14.29
2024,10,UAE_FINTECH,37,-0.36,75.92,40.54,37.84
2024,10,UAE_MORTGAGE_MARKET,41,0.67,69.49,51.22,19.51
2024,10,UAE_PROPERTY_INVESTMENT,56,1.54,73.77,55.36,14.29
2024,10,UAE_REAL_ESTATE_MARKET,46,0.51,74.13,45.65,26.09
2024,11,AFFORDABLE_HOUSING_UAE,49,1.06,72.35,48.98,14.29
2024,11,ARAMCO_UAE_OIL,40,0.79,68.58,47.5,20.0
2024,11,DLD_TRANSACTIONS,45,1.3,75.2,55.56,20.0
2024,11,DUBAI_INFRASTRUCTURE,35,0.76,66.83,48.57,22.86
2024,11,DUBAI_LUXURY_REAL_ESTATE,38,0.15,56.55,31.58,18.42
2024,11,DUBAI_PROPERTY_PRICES,45,1.11,75.56,44.44,11.11
2024,11,DUBAI_RENTAL_MARKET,40,0.67,86.38,47.5,17.5
2024,11,DUBAI_TOURISM,32,1.09,81.28,53.12,21.88
2024,11,EXPO2020_DUBAI,45,1.64,74.51,53.33,15.56
2024,11,GOLDEN_VISA_UAE,25,1.15,90.52,60.0,20.0
2024,11,OFFPLAN_SALES_UAE,25,2.15,81.8,72.0,12.0
2024,11,PROPTECH_UAE,39,1.9,65.97,66.67,10.26
2024,11,REITS_UAE,41,0.59,70.15,43.9,19.51
2024,11,SUSTAINABLE_BUILDINGS_UAE,43,1.46,83.49,55.81,13.95
2024,11,UAE_CRYPTO_REGULATION,47,1.16,75.6,57.45,19.15
2024,11,UAE_ECONOMY_GROWTH,40,0.98,78.35,50.0,15.0
2024,11,UAE_FINTECH,51,1.13,83.18,52.94,19.61
2024,11,UAE_MORTGAGE_MARKET,38,0.65,75.05,52.63,23.68
2024,11,UAE_PROPERTY_INVESTMENT,36,0.8,67.14,36.11,13.89
2024,11,UAE_REAL_ESTATE_MARKET,35,1.54,80.8,48.57,11.43
2024,12,AFFORDABLE_HOUSING_UAE,46,0.3,76.83,43.48,19.57
2024,12,ARAMCO_UAE_OIL,51,1.14,75.53,62.75,17.65
2024,12,DLD_TRANSACTIONS,45,0.21,79.51,40.0,24.44
2024,12,DUBAI_INFRASTRUCTURE,43,1.2,86.77,51.16,13.95
2024,12,DUBAI_LUXURY_REAL_ESTATE,43,0.79,83.19,41.86,13.95
2024,12,DUBAI_PROPERTY_PRICES,41,0.3,64.41,39.02,17.07
2024,12,DUBAI_RENTAL_MARKET,48,1.19,78.42,50.0,10.42
2024,12,DUBAI_TOURISM,43,0.95,84.91,51.16,20.93
2024,12,EXPO2020_DUBAI,42,0.58,78.0,33.33,21.43
2024,12,GOLDEN_VISA_UAE,48,1.49,77.52,56.25,8.33
2024,12,OFFPLAN_SALES_UAE,42,0.66,76.71,52.38,21.43
2024,12,PROPTECH_UAE,49,1.36,85.51,57.14,14.29
2024,12,REITS_UAE,48,0.78,63.54,45.83,20.83
2024,12,SUSTAINABLE_BUILDINGS_UAE,44,1.02,77.34,54.55,20.45
2024,12,UAE_CRYPTO_REGULATION,41,0.96,75.1,51.22,14.63
2024,12,UAE_ECONOMY_GROWTH,42,0.35,64.95,42.86,30.95
2024,12,UAE_FINTECH,42,1.27,91.12,50.0,16.67
2024,12,UAE_MORTGAGE_MARKET,44,1.08,89.05,52.27,18.18
2024,12,UAE_PROPERTY_INVESTMENT,54,0.89,68.83,44.44,16.67
2024,12,UAE_REAL_ESTATE_MARKET,39,0.37,74.31,30.77,12.82
