date,year,month,quarter,emirate,petrol_95_price_aed_per_litre,petrol_98_price_aed_per_litre,diesel_price_aed_per_litre,crude_oil_price_usd,gdp_growth_pct,cpi_inflation_pct,cbuae_rate_pct,auto_loan_apr_pct,incentive_pct_of_atp,inventory_days_supply,consumer_confidence_index,tourism_index,dubai_re_price_index,luxury_demand_index,ramadan_month,national_day_month,dubai_motor_show_month,dsf_month,new_model_launches,import_duty_pct,vat_rate_pct,unemployment_rate_pct,population_millions,ev_charging_stations_uae
2019-01-01,2019,1,Q1,Dubai,2.141,2.29,2.288,54.44,1.01,-1.43,2.75,5.75,7.5,62.0,105.9,98.7,128.3,96.8,0,0,0,1,3,5.0,5.0,2.39,3.65,478
2019-01-01,2019,1,Q1,Abu Dhabi,2.146,2.295,2.275,53.98,1.25,-1.44,2.75,5.75,7.5,62.0,105.6,98.5,115.3,95.6,0,0,0,1,3,5.0,5.0,2.45,3.8,273
2019-01-01,2019,1,Q1,Sharjah,2.134,2.284,2.269,53.97,1.03,-1.46,2.75,5.75,7.5,62.0,108.6,101.1,98.9,100.0,0,0,0,1,3,5.0,5.0,2.41,1.8,106
2019-01-01,2019,1,Q1,Ajman,2.132,2.306,2.282,55.17,1.05,-1.59,2.75,5.75,7.5,62.0,108.3,98.4,82.8,98.6,0,0,0,1,3,5.0,5.0,2.33,0.55,15
2019-01-01,2019,1,Q1,Ras Al Khaimah,2.146,2.284,2.274,54.38,1.24,-1.43,2.75,5.75,7.5,62.0,109.9,101.9,85.0,96.2,0,0,0,1,3,5.0,5.0,2.3,0.42,11
2019-01-01,2019,1,Q1,Fujairah,2.143,2.305,2.293,54.99,1.02,-1.57,2.75,5.75,7.5,62.0,107.0,98.3,81.8,95.7,0,0,0,1,3,5.0,5.0,2.3,0.26,5
2019-01-01,2019,1,Q1,Umm Al Quwain,2.15,2.294,2.285,55.92,1.14,-1.59,2.75,5.75,7.5,62.0,107.2,100.5,81.9,98.5,0,0,0,1,3,5.0,5.0,2.27,0.09,3
2019-02-01,2019,2,Q1,Dubai,2.157,2.331,2.24,56.66,1.08,-1.61,2.68,5.68,7.59,61.8,103.4,95.6,126.6,95.9,0,0,0,0,1,5.0,5.0,2.46,3.65,495
2019-02-01,2019,2,Q1,Abu Dhabi,2.156,2.307,2.248,56.0,1.21,-1.43,2.68,5.68,7.59,61.8,108.7,91.7,111.1,96.9,0,0,0,0,1,5.0,5.0,2.31,3.8,282
2019-02-01,2019,2,Q1,Sharjah,2.163,2.309,2.239,55.08,1.21,-1.66,2.68,5.68,7.59,61.8,103.6,91.0,98.5,97.5,0,0,0,0,1,5.0,5.0,2.46,1.8,110
2019-02-01,2019,2,Q1,Ajman,2.141,2.301,2.227,55.06,1.29,-1.49,2.68,5.68,7.59,61.8,107.6,94.2,84.8,99.0,0,0,0,0,1,5.0,5.0,2.39,0.55,16
2019-02-01,2019,2,Q1,Ras Al Khaimah,2.157,2.331,2.251,57.45,1.13,-1.4,2.68,5.68,7.59,61.8,105.2,92.5,82.8,98.7,0,0,0,0,1,5.0,5.0,2.43,0.42,12
2019-02-01,2019,2,Q1,Fujairah,2.163,2.299,2.244,57.04,1.15,-1.51,2.68,5.68,7.59,61.8,108.4,92.3,82.4,98.4,0,0,0,0,1,5.0,5.0,2.28,0.26,5
2019-02-01,2019,2,Q1,Umm Al Quwain,2.16,2.311,2.213,57.17,0.93,-1.59,2.68,5.68,7.59,61.8,104.9,91.5,82.3,97.3,0,0,0,0,1,5.0,5.0,2.33,0.09,3
2019-03-01,2019,3,Q1,Dubai,2.155,2.333,2.182,55.82,0.96,-1.61,2.61,5.61,7.68,61.6,106.2,88.9,124.5,96.6,0,0,0,0,1,5.0,5.0,2.55,3.65,511
2019-03-01,2019,3,Q1,Abu Dhabi,2.167,2.324,2.198,55.1,0.95,-1.48,2.61,5.61,7.68,61.6,102.6,88.8,113.4,95.2,0,0,0,0,1,5.0,5.0,2.35,3.8,292
2019-03-01,2019,3,Q1,Sharjah,2.161,2.309,2.18,55.02,0.98,-1.5,2.61,5.61,7.68,61.6,105.2,88.5,97.8,96.9,0,0,0,0,1,5.0,5.0,2.43,1.8,113
2019-03-01,2019,3,Q1,Ajman,2.176,2.309,2.172,56.5,1.07,-1.62,2.61,5.61,7.68,61.6,101.8,90.1,83.3,95.8,0,0,0,0,1,5.0,5.0,2.49,0.55,17
2019-03-01,2019,3,Q1,Ras Al Khaimah,2.158,2.335,2.173,57.22,1.07,-1.43,2.61,5.61,7.68,61.6,102.3,86.0,83.8,97.6,0,0,0,0,1,5.0,5.0,2.4,0.42,12
2019-03-01,2019,3,Q1,Fujairah,2.148,2.311,2.193,55.94,0.94,-1.7,2.61,5.61,7.68,61.6,105.2,85.5,80.8,98.0,0,0,0,0,1,5.0,5.0,2.44,0.26,6
2019-03-01,2019,3,Q1,Umm Al Quwain,2.159,2.31,2.18,58.53,0.97,-1.62,2.61,5.61,7.68,61.6,102.5,88.4,82.0,97.9,0,0,0,0,1,5.0,5.0,2.57,0.09,3
2019-04-01,2019,4,Q2,Dubai,2.18,2.347,2.142,57.92,1.16,-1.55,2.55,5.55,7.76,61.5,100.9,84.2,123.0,95.1,0,0,0,0,1,5.0,5.0,2.41,3.65,528
2019-04-01,2019,4,Q2,Abu Dhabi,2.163,2.356,2.142,57.12,0.91,-1.66,2.55,5.55,7.76,61.5,102.8,84.3,111.8,93.6,0,0,0,0,1,5.0,5.0,2.64,3.8,301
2019-04-01,2019,4,Q2,Sharjah,2.164,2.348,2.139,56.37,0.96,-1.49,2.55,5.55,7.76,61.5,101.2,83.6,96.7,92.0,0,0,0,0,1,5.0,5.0,2.64,1.8,117
2019-04-01,2019,4,Q2,Ajman,2.193,2.333,2.115,56.18,1.26,-1.48,2.55,5.55,7.76,61.5,102.6,83.8,82.4,95.7,0,0,0,0,1,5.0,5.0,2.53,0.55,17
2019-04-01,2019,4,Q2,Ras Al Khaimah,2.178,2.348,2.143,56.6,1.13,-1.47,2.55,5.55,7.76,61.5,99.9,83.9,83.5,93.0,0,0,0,0,1,5.0,5.0,2.38,0.42,13
2019-04-01,2019,4,Q2,Fujairah,2.158,2.336,2.131,56.39,0.93,-1.66,2.55,5.55,7.76,61.5,103.5,82.7,79.4,97.7,0,0,0,0,1,5.0,5.0,2.46,0.26,6
2019-04-01,2019,4,Q2,Umm Al Quwain,2.19,2.333,2.143,59.13,1.07,-1.54,2.55,5.55,7.76,61.5,103.0,83.2,81.7,92.2,0,0,0,0,1,5.0,5.0,2.57,0.09,3
2019-05-01,2019,5,Q2,Dubai,2.175,2.36,2.104,57.62,1.11,-1.73,2.48,5.48,7.85,61.3,99.5,74.0,122.2,91.2,1,0,0,0,1,5.0,5.0,2.47,3.65,544
2019-05-01,2019,5,Q2,Abu Dhabi,2.194,2.367,2.093,59.5,1.05,-1.5,2.48,5.48,7.85,61.3,102.8,74.8,109.7,96.7,1,0,0,0,1,5.0,5.0,2.52,3.8,311
2019-05-01,2019,5,Q2,Sharjah,2.206,2.345,2.077,57.13,1.29,-1.51,2.48,5.48,7.85,61.3,100.4,77.1,97.6,95.9,1,0,0,0,1,5.0,5.0,2.73,1.8,121
2019-05-01,2019,5,Q2,Ajman,2.193,2.376,2.079,60.31,1.01,-1.54,2.48,5.48,7.85,61.3,102.1,74.5,82.9,91.3,1,0,0,0,1,5.0,5.0,2.66,0.55,18
2019-05-01,2019,5,Q2,Ras Al Khaimah,2.177,2.371,2.088,60.36,1.08,-1.79,2.48,5.48,7.85,61.3,102.8,76.9,80.1,96.2,1,0,0,0,1,5.0,5.0,2.6,0.42,13
2019-05-01,2019,5,Q2,Fujairah,2.181,2.353,2.075,59.11,1.07,-1.69,2.48,5.48,7.85,61.3,98.9,74.1,81.1,92.2,1,0,0,0,1,5.0,5.0,2.49,0.26,6
2019-05-01,2019,5,Q2,Umm Al Quwain,2.179,2.356,2.098,60.84,1.21,-1.71,2.48,5.48,7.85,61.3,103.3,73.9,80.6,91.6,1,0,0,0,1,5.0,5.0,2.59,0.09,3
2019-06-01,2019,6,Q2,Dubai,2.209,2.382,2.033,59.06,1.0,-1.68,2.41,5.41,7.94,61.1,99.7,71.5,121.2,92.4,1,0,0,0,1,5.0,5.0,2.59,3.65,560
2019-06-01,2019,6,Q2,Abu Dhabi,2.201,2.395,2.025,60.85,0.92,-1.66,2.41,5.41,7.94,61.1,98.5,71.7,109.8,93.6,1,0,0,0,1,5.0,5.0,2.8,3.8,320
2019-06-01,2019,6,Q2,Sharjah,2.218,2.396,2.037,60.13,0.98,-1.78,2.41,5.41,7.94,61.1,99.1,69.5,96.3,89.8,1,0,0,0,1,5.0,5.0,2.62,1.8,124
2019-06-01,2019,6,Q2,Ajman,2.221,2.37,2.052,61.9,1.04,-1.64,2.41,5.41,7.94,61.1,98.6,71.5,83.6,94.0,1,0,0,0,1,5.0,5.0,2.61,0.55,18
2019-06-01,2019,6,Q2,Ras Al Khaimah,2.195,2.39,2.033,59.9,1.17,-1.77,2.41,5.41,7.94,61.1,101.8,72.3,81.2,92.6,1,0,0,0,1,5.0,5.0,2.6,0.42,14
2019-06-01,2019,6,Q2,Fujairah,2.209,2.361,2.044,60.43,1.22,-1.59,2.41,5.41,7.94,61.1,100.2,67.1,81.4,91.0,1,0,0,0,1,5.0,5.0,2.71,0.26,6
2019-06-01,2019,6,Q2,Umm Al Quwain,2.209,2.398,2.038,59.52,0.98,-1.78,2.41,5.41,7.94,61.1,97.3,68.8,80.9,93.5,1,0,0,0,1,5.0,5.0,2.81,0.09,4
2019-07-01,2019,7,Q3,Dubai,2.228,2.395,2.007,61.73,1.16,-1.77,2.34,5.34,8.03,60.9,96.4,63.8,122.9,90.2,0,0,0,0,1,5.0,5.0,2.78,3.65,577
2019-07-01,2019,7,Q3,Abu Dhabi,2.242,2.406,2.004,59.57,1.07,-1.76,2.34,5.34,8.03,60.9,96.0,60.6,111.3,92.2,0,0,0,0,1,5.0,5.0,2.87,3.8,329
2019-07-01,2019,7,Q3,Sharjah,2.207,2.379,2.006,60.37,1.23,-1.68,2.34,5.34,8.03,60.9,96.2,61.8,95.6,93.6,0,0,0,0,1,5.0,5.0,2.72,1.8,128
2019-07-01,2019,7,Q3,Ajman,2.23,2.396,1.988,62.27,1.0,-1.68,2.34,5.34,8.03,60.9,100.0,61.5,82.0,88.7,0,0,0,0,1,5.0,5.0,2.63,0.55,19
2019-07-01,2019,7,Q3,Ras Al Khaimah,2.209,2.397,1.97,61.89,0.95,-1.63,2.34,5.34,8.03,60.9,95.9,61.3,80.2,89.9,0,0,0,0,1,5.0,5.0,2.83,0.42,14
2019-07-01,2019,7,Q3,Fujairah,2.211,2.398,2.003,62.46,0.95,-1.59,2.34,5.34,8.03,60.9,95.8,62.6,79.7,90.6,0,0,0,0,1,5.0,5.0,2.87,0.26,6
2019-07-01,2019,7,Q3,Umm Al Quwain,2.222,2.391,1.971,62.71,0.92,-1.71,2.34,5.34,8.03,60.9,100.2,61.3,77.2,90.7,0,0,0,0,1,5.0,5.0,2.69,0.09,4
2019-08-01,2019,8,Q3,Dubai,2.249,2.406,1.931,63.97,1.25,-1.8,2.27,5.27,8.12,60.7,98.7,59.9,122.9,90.5,0,0,0,0,1,5.0,5.0,2.83,3.65,593
2019-08-01,2019,8,Q3,Abu Dhabi,2.245,2.397,1.951,62.7,0.99,-1.67,2.27,5.27,8.12,60.7,94.1,55.6,109.6,93.1,0,0,0,0,1,5.0,5.0,2.97,3.8,339
2019-08-01,2019,8,Q3,Sharjah,2.22,2.418,1.944,62.07,1.11,-1.71,2.27,5.27,8.12,60.7,98.1,54.1,96.1,92.9,0,0,0,0,1,5.0,5.0,2.93,1.8,132
2019-08-01,2019,8,Q3,Ajman,2.246,2.43,1.925,61.67,1.16,-1.76,2.27,5.27,8.12,60.7,96.0,57.4,79.6,90.2,0,0,0,0,1,5.0,5.0,2.72,0.55,19
2019-08-01,2019,8,Q3,Ras Al Khaimah,2.23,2.41,1.927,61.65,1.22,-1.81,2.27,5.27,8.12,60.7,93.6,57.7,80.8,90.0,0,0,0,0,1,5.0,5.0,2.79,0.42,14
2019-08-01,2019,8,Q3,Fujairah,2.255,2.399,1.957,61.87,1.06,-1.61,2.27,5.27,8.12,60.7,95.9,58.4,79.9,87.9,0,0,0,0,1,5.0,5.0,2.69,0.26,7
2019-08-01,2019,8,Q3,Umm Al Quwain,2.252,2.396,1.945,61.73,0.97,-1.9,2.27,5.27,8.12,60.7,93.6,54.7,80.1,88.2,0,0,0,0,1,5.0,5.0,2.93,0.09,4
2019-09-01,2019,9,Q3,Dubai,2.235,2.435,1.889,64.33,1.13,-1.87,2.2,5.2,8.21,60.5,96.7,48.6,119.0,89.3,0,0,0,0,3,5.0,5.0,3.06,3.65,610
2019-09-01,2019,9,Q3,Abu Dhabi,2.254,2.421,1.88,63.83,1.17,-1.85,2.2,5.2,8.21,60.5,94.2,49.4,109.8,89.5,0,0,0,0,3,5.0,5.0,2.93,3.8,348
2019-09-01,2019,9,Q3,Sharjah,2.259,2.416,1.897,63.9,1.02,-1.77,2.2,5.2,8.21,60.5,93.2,50.3,96.2,87.8,0,0,0,0,3,5.0,5.0,3.03,1.8,135
2019-09-01,2019,9,Q3,Ajman,2.256,2.436,1.884,63.09,1.04,-1.64,2.2,5.2,8.21,60.5,95.1,48.9,79.3,90.0,0,0,0,0,3,5.0,5.0,2.98,0.55,20
2019-09-01,2019,9,Q3,Ras Al Khaimah,2.266,2.415,1.888,63.99,1.17,-1.71,2.2,5.2,8.21,60.5,92.1,51.2,79.7,88.3,0,0,0,0,3,5.0,5.0,3.02,0.42,15
2019-09-01,2019,9,Q3,Fujairah,2.272,2.414,1.899,63.71,1.23,-1.79,2.2,5.2,8.21,60.5,97.0,50.6,78.6,91.0,0,0,0,0,3,5.0,5.0,2.95,0.26,7
2019-09-01,2019,9,Q3,Umm Al Quwain,2.268,2.433,1.879,62.26,1.29,-1.65,2.2,5.2,8.21,60.5,96.6,51.3,78.1,88.7,0,0,0,0,3,5.0,5.0,2.95,0.09,4
2019-10-01,2019,10,Q4,Dubai,2.27,2.454,1.826,64.02,1.21,-1.96,2.14,5.14,8.29,60.4,94.7,44.7,119.9,89.7,0,0,0,0,3,5.0,5.0,2.93,3.65,626
2019-10-01,2019,10,Q4,Abu Dhabi,2.289,2.448,1.823,62.94,1.21,-1.89,2.14,5.14,8.29,60.4,92.1,42.5,105.6,91.3,0,0,0,0,3,5.0,5.0,2.9,3.8,358
2019-10-01,2019,10,Q4,Sharjah,2.25,2.459,1.825,64.58,1.02,-1.74,2.14,5.14,8.29,60.4,94.1,42.5,94.0,86.8,0,0,0,0,3,5.0,5.0,2.88,1.8,139
2019-10-01,2019,10,Q4,Ajman,2.259,2.461,1.862,65.91,1.11,-1.73,2.14,5.14,8.29,60.4,95.4,42.6,79.9,86.3,0,0,0,0,3,5.0,5.0,3.01,0.55,20
2019-10-01,2019,10,Q4,Ras Al Khaimah,2.253,2.453,1.85,62.49,1.03,-1.69,2.14,5.14,8.29,60.4,89.5,42.3,80.1,86.4,0,0,0,0,3,5.0,5.0,2.9,0.42,15
2019-10-01,2019,10,Q4,Fujairah,2.265,2.457,1.844,63.61,1.18,-1.76,2.14,5.14,8.29,60.4,92.0,43.7,77.5,86.7,0,0,0,0,3,5.0,5.0,3.0,0.26,7
2019-10-01,2019,10,Q4,Umm Al Quwain,2.283,2.449,1.841,62.79,1.21,-1.82,2.14,5.14,8.29,60.4,89.8,46.1,79.3,87.6,0,0,0,0,3,5.0,5.0,2.96,0.09,4
2019-11-01,2019,11,Q4,Dubai,2.276,2.462,1.791,63.73,0.99,-1.83,2.07,5.07,8.38,60.2,92.1,41.5,120.8,84.7,0,0,1,0,3,5.0,5.0,3.0,3.65,643
2019-11-01,2019,11,Q4,Abu Dhabi,2.269,2.464,1.783,63.41,0.97,-1.74,2.07,5.07,8.38,60.2,89.0,41.0,108.2,87.1,0,0,1,0,3,5.0,5.0,3.01,3.8,367
2019-11-01,2019,11,Q4,Sharjah,2.295,2.455,1.811,64.41,1.03,-1.98,2.07,5.07,8.38,60.2,92.3,39.4,91.9,86.0,0,0,1,0,3,5.0,5.0,3.1,1.8,143
2019-11-01,2019,11,Q4,Ajman,2.294,2.452,1.78,64.16,1.06,-1.94,2.07,5.07,8.38,60.2,88.0,40.1,78.9,85.5,0,0,1,0,3,5.0,5.0,3.07,0.55,21
2019-11-01,2019,11,Q4,Ras Al Khaimah,2.292,2.464,1.812,65.11,1.09,-1.78,2.07,5.07,8.38,60.2,90.9,35.9,78.8,88.6,0,0,1,0,3,5.0,5.0,3.14,0.42,16
2019-11-01,2019,11,Q4,Fujairah,2.29,2.471,1.788,63.12,0.98,-1.74,2.07,5.07,8.38,60.2,90.7,39.0,77.3,84.4,0,0,1,0,3,5.0,5.0,3.11,0.26,7
2019-11-01,2019,11,Q4,Umm Al Quwain,2.28,2.448,1.812,66.39,1.09,-1.91,2.07,5.07,8.38,60.2,90.7,36.5,78.7,86.1,0,0,1,0,3,5.0,5.0,2.98,0.09,4
2019-12-01,2019,12,Q4,Dubai,2.286,2.469,1.764,67.09,1.16,-1.93,2.0,5.0,8.47,60.0,91.2,31.0,117.1,84.2,0,1,0,0,1,5.0,5.0,3.14,3.65,659
2019-12-01,2019,12,Q4,Abu Dhabi,2.311,2.488,1.762,65.61,1.05,-1.91,2.0,5.0,8.47,60.0,86.5,30.3,104.4,84.5,0,1,0,0,1,5.0,5.0,3.25,3.8,376
2019-12-01,2019,12,Q4,Sharjah,2.317,2.485,1.758,67.72,0.94,-1.99,2.0,5.0,8.47,60.0,90.1,31.0,92.9,84.0,0,1,0,0,1,5.0,5.0,3.25,1.8,146
2019-12-01,2019,12,Q4,Ajman,2.295,2.469,1.742,64.06,1.2,-1.91,2.0,5.0,8.47,60.0,87.0,33.0,77.1,88.9,0,1,0,0,1,5.0,5.0,3.02,0.55,21
2019-12-01,2019,12,Q4,Ras Al Khaimah,2.296,2.46,1.753,65.82,0.96,-1.96,2.0,5.0,8.47,60.0,90.5,34.6,76.5,85.4,0,1,0,0,1,5.0,5.0,3.25,0.42,16
2019-12-01,2019,12,Q4,Fujairah,2.285,2.467,1.752,65.22,1.24,-1.96,2.0,5.0,8.47,60.0,89.8,34.0,75.6,86.6,0,1,0,0,1,5.0,5.0,3.09,0.26,7
2019-12-01,2019,12,Q4,Umm Al Quwain,2.289,2.466,1.752,64.4,1.09,-2.0,2.0,5.0,8.47,60.0,88.8,35.0,78.0,84.9,0,1,0,0,1,5.0,5.0,3.25,0.09,4
2020-01-01,2020,1,Q1,Dubai,2.039,2.222,1.68,55.44,-0.22,-1.97,1.58,4.58,8.56,59.0,85.9,26.7,117.5,87.5,0,0,0,1,3,5.0,5.0,3.3,3.65,676
2020-01-01,2020,1,Q1,Abu Dhabi,2.043,2.204,1.68,56.99,-0.23,-1.97,1.58,4.58,8.56,59.0,85.7,25.5,106.3,85.4,0,0,0,1,3,5.0,5.0,3.12,3.8,386
2020-01-01,2020,1,Q1,Sharjah,2.049,2.228,1.696,57.21,-0.07,-1.87,1.58,4.58,8.56,59.0,87.8,26.9,93.0,82.8,0,0,0,1,3,5.0,5.0,3.19,1.8,150
2020-01-01,2020,1,Q1,Ajman,2.072,2.2,1.707,54.68,-0.21,-1.86,1.58,4.58,8.56,59.0,87.8,26.9,79.8,84.6,0,0,0,1,3,5.0,5.0,3.08,0.55,22
2020-01-01,2020,1,Q1,Ras Al Khaimah,2.06,2.201,1.683,55.62,-0.07,-1.83,1.58,4.58,8.56,59.0,89.8,28.5,76.2,84.7,0,0,0,1,3,5.0,5.0,3.09,0.42,16
2020-01-01,2020,1,Q1,Fujairah,2.074,2.212,1.715,54.58,-0.25,-1.9,1.58,4.58,8.56,59.0,85.0,27.8,77.4,84.6,0,0,0,1,3,5.0,5.0,3.09,0.26,8
2020-01-01,2020,1,Q1,Umm Al Quwain,2.066,2.2,1.713,54.16,0.04,-1.82,1.58,4.58,8.56,59.0,86.7,28.1,75.5,87.1,0,0,0,1,3,5.0,5.0,3.22,0.09,4
2020-02-01,2020,2,Q1,Dubai,1.804,1.976,1.651,45.48,-1.16,-1.94,1.17,4.17,8.65,58.0,84.2,19.7,117.8,85.6,0,0,0,0,1,5.0,5.0,3.39,3.65,692
2020-02-01,2020,2,Q1,Abu Dhabi,1.818,1.971,1.666,43.18,-1.39,-1.97,1.17,4.17,8.65,58.0,86.6,23.2,106.8,84.4,0,0,0,0,1,5.0,5.0,3.19,3.8,395
2020-02-01,2020,2,Q1,Sharjah,1.818,1.957,1.639,43.14,-1.44,-1.97,1.17,4.17,8.65,58.0,85.5,22.5,92.5,86.1,0,0,0,0,1,5.0,5.0,3.22,1.8,154
2020-02-01,2020,2,Q1,Ajman,1.809,1.964,1.633,45.06,-1.11,-1.85,1.17,4.17,8.65,58.0,86.1,17.8,79.5,83.3,0,0,0,0,1,5.0,5.0,3.2,0.55,23
2020-02-01,2020,2,Q1,Ras Al Khaimah,1.799,1.949,1.655,44.07,-1.38,-1.92,1.17,4.17,8.65,58.0,87.6,22.5,78.3,81.4,0,0,0,0,1,5.0,5.0,3.27,0.42,17
2020-02-01,2020,2,Q1,Fujairah,1.825,1.975,1.646,44.67,-1.22,-1.87,1.17,4.17,8.65,58.0,83.9,17.8,78.3,87.0,0,0,0,0,1,5.0,5.0,3.42,0.26,8
2020-02-01,2020,2,Q1,Umm Al Quwain,1.793,1.97,1.628,45.94,-1.34,-2.06,1.17,4.17,8.65,58.0,87.6,23.2,75.9,83.0,0,0,0,0,1,5.0,5.0,3.3,0.09,4
2020-03-01,2020,3,Q1,Dubai,1.582,1.708,1.607,34.11,-2.45,-1.96,0.75,3.75,8.74,57.0,86.0,14.9,117.6,85.6,0,0,0,0,1,5.0,5.0,3.29,3.65,708
2020-03-01,2020,3,Q1,Abu Dhabi,1.566,1.719,1.615,33.41,-2.39,-1.97,0.75,3.75,8.74,57.0,85.6,12.8,104.5,83.0,0,0,0,0,1,5.0,5.0,3.38,3.8,405
2020-03-01,2020,3,Q1,Sharjah,1.547,1.689,1.595,32.06,-2.43,-2.07,0.75,3.75,8.74,57.0,84.3,17.0,92.1,81.3,0,0,0,0,1,5.0,5.0,3.34,1.8,157
2020-03-01,2020,3,Q1,Ajman,1.555,1.692,1.59,33.35,-2.54,-2.09,0.75,3.75,8.74,57.0,81.0,12.9,80.1,80.7,0,0,0,0,1,5.0,5.0,3.28,0.55,23
2020-03-01,2020,3,Q1,Ras Al Khaimah,1.585,1.699,1.612,33.2,-2.49,-2.04,0.75,3.75,8.74,57.0,86.2,15.6,75.9,85.5,0,0,0,0,1,5.0,5.0,3.49,0.42,17
2020-03-01,2020,3,Q1,Fujairah,1.553,1.701,1.607,34.58,-2.59,-2.04,0.75,3.75,8.74,57.0,81.6,16.0,77.4,86.0,0,0,0,0,1,5.0,5.0,3.4,0.26,8
2020-03-01,2020,3,Q1,Umm Al Quwain,1.554,1.706,1.597,34.36,-2.53,-1.86,0.75,3.75,8.74,57.0,85.4,17.1,74.6,85.6,0,0,0,0,1,5.0,5.0,3.51,0.09,5
2020-04-01,2020,4,Q2,Dubai,1.33,1.457,1.546,22.68,-3.83,-1.9,0.55,3.55,8.82,56.0,82.5,8.5,118.1,81.0,1,0,0,0,1,5.0,5.0,3.55,3.65,725
2020-04-01,2020,4,Q2,Abu Dhabi,1.34,1.458,1.557,23.67,-3.57,-1.95,0.55,3.55,8.82,56.0,79.0,6.1,105.3,84.4,1,0,0,0,1,5.0,5.0,3.34,3.8,414
2020-04-01,2020,4,Q2,Sharjah,1.332,1.452,1.543,21.22,-3.6,-1.91,0.55,3.55,8.82,56.0,84.0,8.2,93.0,82.8,1,0,0,0,1,5.0,5.0,3.31,1.8,161
2020-04-01,2020,4,Q2,Ajman,1.327,1.457,1.559,22.67,-3.6,-1.99,0.55,3.55,8.82,56.0,79.9,7.6,78.3,81.6,1,0,0,0,1,5.0,5.0,3.43,0.55,24
2020-04-01,2020,4,Q2,Ras Al Khaimah,1.307,1.438,1.541,23.9,-3.78,-1.89,0.55,3.55,8.82,56.0,82.4,6.6,79.5,80.0,1,0,0,0,1,5.0,5.0,3.4,0.42,18
2020-04-01,2020,4,Q2,Fujairah,1.326,1.46,1.534,22.17,-3.73,-1.87,0.55,3.55,8.82,56.0,81.4,6.1,75.7,80.4,1,0,0,0,1,5.0,5.0,3.41,0.26,8
2020-04-01,2020,4,Q2,Umm Al Quwain,1.315,1.46,1.543,23.59,-3.45,-1.93,0.55,3.55,8.82,56.0,79.3,8.4,77.3,84.6,1,0,0,0,1,5.0,5.0,3.3,0.09,5
2020-05-01,2020,5,Q2,Dubai,1.485,1.618,1.613,27.13,-4.87,-2.01,0.35,3.35,8.91,55.0,84.3,9.9,117.1,78.3,1,0,0,0,1,5.0,5.0,3.39,3.65,741
2020-05-01,2020,5,Q2,Abu Dhabi,1.458,1.607,1.596,25.54,-4.63,-2.12,0.35,3.35,8.91,55.0,80.5,11.1,104.8,79.3,1,0,0,0,1,5.0,5.0,3.63,3.8,423
2020-05-01,2020,5,Q2,Sharjah,1.49,1.597,1.622,26.5,-4.67,-1.85,0.35,3.35,8.91,55.0,84.4,12.0,90.3,80.2,1,0,0,0,1,5.0,5.0,3.61,1.8,165
2020-05-01,2020,5,Q2,Ajman,1.458,1.614,1.605,27.68,-4.73,-1.92,0.35,3.35,8.91,55.0,80.0,9.7,76.1,79.0,1,0,0,0,1,5.0,5.0,3.39,0.55,24
2020-05-01,2020,5,Q2,Ras Al Khaimah,1.466,1.623,1.586,27.79,-4.85,-2.08,0.35,3.35,8.91,55.0,80.9,13.2,78.0,80.6,1,0,0,0,1,5.0,5.0,3.53,0.42,18
2020-05-01,2020,5,Q2,Fujairah,1.465,1.619,1.621,24.74,-4.84,-1.87,0.35,3.35,8.91,55.0,83.8,13.4,76.9,80.9,1,0,0,0,1,5.0,5.0,3.61,0.26,8
2020-05-01,2020,5,Q2,Umm Al Quwain,1.487,1.63,1.608,24.92,-4.73,-1.93,0.35,3.35,8.91,55.0,85.1,11.5,75.2,81.4,1,0,0,0,1,5.0,5.0,3.39,0.09,5
2020-06-01,2020,6,Q2,Dubai,1.642,1.79,1.645,30.34,-6.16,-2.02,0.34,3.34,9.0,53.1,82.5,17.3,117.6,77.4,0,0,0,0,1,5.0,5.0,3.67,3.65,758
2020-06-01,2020,6,Q2,Abu Dhabi,1.651,1.788,1.662,30.97,-6.19,-1.9,0.34,3.34,9.0,53.1,84.2,15.6,102.8,81.0,0,0,0,0,1,5.0,5.0,3.54,3.8,433
2020-06-01,2020,6,Q2,Sharjah,1.639,1.76,1.645,27.82,-5.89,-1.86,0.34,3.34,9.0,53.1,81.3,12.5,91.2,81.6,0,0,0,0,1,5.0,5.0,3.62,1.8,168
2020-06-01,2020,6,Q2,Ajman,1.653,1.775,1.652,30.46,-5.89,-1.99,0.34,3.34,9.0,53.1,85.0,14.7,78.6,78.0,0,0,0,0,1,5.0,5.0,3.61,0.55,25
2020-06-01,2020,6,Q2,Ras Al Khaimah,1.638,1.758,1.644,30.43,-6.03,-1.94,0.34,3.34,9.0,53.1,82.1,16.3,75.4,81.8,0,0,0,0,1,5.0,5.0,3.5,0.42,18
2020-06-01,2020,6,Q2,Fujairah,1.652,1.762,1.649,29.7,-5.9,-1.99,0.34,3.34,9.0,53.1,85.5,16.8,77.2,82.4,0,0,0,0,1,5.0,5.0,3.5,0.26,9
2020-06-01,2020,6,Q2,Umm Al Quwain,1.617,1.794,1.641,30.2,-5.82,-1.91,0.34,3.34,9.0,53.1,81.6,15.4,75.1,78.9,0,0,0,0,1,5.0,5.0,3.65,0.09,5
2020-07-01,2020,7,Q3,Dubai,1.783,1.924,1.702,32.39,-5.81,-2.05,0.33,3.33,8.71,51.2,85.0,20.3,117.8,79.8,0,0,0,0,1,5.0,5.0,3.67,3.65,774
2020-07-01,2020,7,Q3,Abu Dhabi,1.803,1.927,1.704,31.29,-5.67,-2.01,0.33,3.33,8.71,51.2,82.3,15.9,105.9,80.9,0,0,0,0,1,5.0,5.0,3.51,3.8,442
2020-07-01,2020,7,Q3,Sharjah,1.798,1.933,1.698,33.21,-6.02,-2.05,0.33,3.33,8.71,51.2,83.5,17.5,91.6,81.2,0,0,0,0,1,5.0,5.0,3.52,1.8,172
2020-07-01,2020,7,Q3,Ajman,1.783,1.95,1.71,33.77,-5.97,-2.08,0.33,3.33,8.71,51.2,83.3,21.0,77.1,84.9,0,0,0,0,1,5.0,5.0,3.53,0.55,25
2020-07-01,2020,7,Q3,Ras Al Khaimah,1.797,1.931,1.725,34.81,-5.64,-1.98,0.33,3.33,8.71,51.2,87.4,17.7,79.0,82.4,0,0,0,0,1,5.0,5.0,3.43,0.42,19
2020-07-01,2020,7,Q3,Fujairah,1.772,1.954,1.726,31.29,-5.85,-2.04,0.33,3.33,8.71,51.2,86.6,20.0,76.2,80.0,0,0,0,0,1,5.0,5.0,3.69,0.26,9
2020-07-01,2020,7,Q3,Umm Al Quwain,1.772,1.936,1.702,33.22,-5.74,-1.98,0.33,3.33,8.71,51.2,84.2,16.5,76.5,81.7,0,0,0,0,1,5.0,5.0,3.48,0.09,5
2020-08-01,2020,8,Q3,Dubai,1.83,1.945,1.758,37.34,-5.81,-2.05,0.32,3.32,8.42,49.2,84.7,21.2,116.7,85.4,0,0,0,0,1,5.0,5.0,3.41,3.65,791
2020-08-01,2020,8,Q3,Abu Dhabi,1.826,1.97,1.752,38.04,-5.66,-1.95,0.32,3.32,8.42,49.2,83.0,19.3,105.1,85.8,0,0,0,0,1,5.0,5.0,3.55,3.8,452
2020-08-01,2020,8,Q3,Sharjah,1.812,1.975,1.757,35.46,-5.66,-2.12,0.32,3.32,8.42,49.2,86.0,23.2,90.7,82.0,0,0,0,0,1,5.0,5.0,3.51,1.8,176
2020-08-01,2020,8,Q3,Ajman,1.806,1.979,1.754,34.76,-5.49,-2.05,0.32,3.32,8.42,49.2,87.0,19.6,78.5,83.7,0,0,0,0,1,5.0,5.0,3.44,0.55,26
2020-08-01,2020,8,Q3,Ras Al Khaimah,1.829,1.978,1.781,37.36,-5.73,-2.07,0.32,3.32,8.42,49.2,87.8,22.5,78.8,86.5,0,0,0,0,1,5.0,5.0,3.56,0.42,19
2020-08-01,2020,8,Q3,Fujairah,1.82,1.956,1.77,37.32,-5.52,-1.94,0.32,3.32,8.42,49.2,86.5,19.8,76.7,81.5,0,0,0,0,1,5.0,5.0,3.61,0.26,9
2020-08-01,2020,8,Q3,Umm Al Quwain,1.816,1.953,1.77,35.84,-5.61,-1.9,0.32,3.32,8.42,49.2,83.5,22.6,76.9,81.5,0,0,0,0,1,5.0,5.0,3.65,0.09,5
2020-09-01,2020,9,Q3,Dubai,1.835,1.984,1.798,41.82,-5.35,-1.98,0.31,3.31,8.12,47.3,87.1,26.0,117.9,88.2,0,0,0,0,3,5.0,5.0,3.58,3.65,807
2020-09-01,2020,9,Q3,Abu Dhabi,1.857,1.998,1.823,41.15,-5.68,-2.01,0.31,3.31,8.12,47.3,88.3,27.6,105.6,87.4,0,0,0,0,3,5.0,5.0,3.5,3.8,461
2020-09-01,2020,9,Q3,Sharjah,1.828,1.984,1.816,41.72,-5.62,-2.07,0.31,3.31,8.12,47.3,88.0,22.4,92.0,84.6,0,0,0,0,3,5.0,5.0,3.51,1.8,179
2020-09-01,2020,9,Q3,Ajman,1.827,1.988,1.832,40.83,-5.67,-2.16,0.31,3.31,8.12,47.3,89.8,22.9,75.8,85.2,0,0,0,0,3,5.0,5.0,3.48,0.55,26
2020-09-01,2020,9,Q3,Ras Al Khaimah,1.843,2.002,1.837,41.46,-5.31,-2.19,0.31,3.31,8.12,47.3,88.8,25.5,75.5,87.8,0,0,0,0,3,5.0,5.0,3.43,0.42,20
2020-09-01,2020,9,Q3,Fujairah,1.854,1.995,1.825,39.4,-5.59,-2.08,0.31,3.31,8.12,47.3,84.5,25.4,75.3,84.2,0,0,0,0,3,5.0,5.0,3.4,0.26,9
2020-09-01,2020,9,Q3,Umm Al Quwain,1.846,1.994,1.806,39.04,-5.69,-2.11,0.31,3.31,8.12,47.3,86.8,22.1,73.0,85.8,0,0,0,0,3,5.0,5.0,3.39,0.09,5
2020-10-01,2020,10,Q4,Dubai,1.843,1.997,1.888,42.1,-5.44,-2.14,0.3,3.3,7.83,45.4,86.9,30.2,116.0,88.4,0,0,0,0,3,5.0,5.0,3.5,3.65,823
2020-10-01,2020,10,Q4,Abu Dhabi,1.862,2.001,1.862,41.82,-5.25,-2.03,0.3,3.3,7.83,45.4,85.9,29.3,103.6,88.2,0,0,0,0,3,5.0,5.0,3.44,3.8,470
2020-10-01,2020,10,Q4,Sharjah,1.869,2.029,1.864,41.52,-5.15,-2.16,0.3,3.3,7.83,45.4,86.2,25.5,90.2,89.4,0,0,0,0,3,5.0,5.0,3.55,1.8,183
2020-10-01,2020,10,Q4,Ajman,1.881,2.003,1.871,41.99,-5.35,-2.16,0.3,3.3,7.83,45.4,90.6,28.1,78.6,85.0,0,0,0,0,3,5.0,5.0,3.34,0.55,27
2020-10-01,2020,10,Q4,Ras Al Khaimah,1.868,2.029,1.859,43.57,-5.2,-2.19,0.3,3.3,7.83,45.4,85.9,30.2,76.0,90.2,0,0,0,0,3,5.0,5.0,3.54,0.42,20
2020-10-01,2020,10,Q4,Fujairah,1.862,2.011,1.861,42.88,-5.19,-2.0,0.3,3.3,7.83,45.4,87.9,28.5,75.1,87.5,0,0,0,0,3,5.0,5.0,3.42,0.26,9
2020-10-01,2020,10,Q4,Umm Al Quwain,1.845,2.002,1.867,45.08,-5.4,-1.93,0.3,3.3,7.83,45.4,89.9,28.2,74.5,86.3,0,0,0,0,3,5.0,5.0,3.41,0.09,5
2020-11-01,2020,11,Q4,Dubai,1.896,2.044,1.913,47.62,-5.08,-2.23,0.29,3.29,7.54,43.5,86.0,32.8,115.9,87.4,0,0,0,0,3,5.0,5.0,3.51,3.65,840
2020-11-01,2020,11,Q4,Abu Dhabi,1.887,2.056,1.908,48.2,-4.99,-2.03,0.29,3.29,7.54,43.5,89.3,32.1,104.9,87.9,0,0,0,0,3,5.0,5.0,3.38,3.8,480
2020-11-01,2020,11,Q4,Sharjah,1.886,2.047,1.913,45.51,-5.25,-2.12,0.29,3.29,7.54,43.5,87.6,29.6,91.4,92.8,0,0,0,0,3,5.0,5.0,3.33,1.8,187
2020-11-01,2020,11,Q4,Ajman,1.881,2.058,1.93,46.63,-5.0,-2.02,0.29,3.29,7.54,43.5,87.5,32.8,77.5,88.3,0,0,0,0,3,5.0,5.0,3.57,0.55,28
2020-11-01,2020,11,Q4,Ras Al Khaimah,1.875,2.053,1.918,47.38,-5.06,-2.11,0.29,3.29,7.54,43.5,87.5,30.0,75.9,92.7,0,0,0,0,3,5.0,5.0,3.4,0.42,21
2020-11-01,2020,11,Q4,Fujairah,1.886,2.049,1.918,46.3,-5.03,-1.99,0.29,3.29,7.54,43.5,90.3,30.6,74.5,89.9,0,0,0,0,3,5.0,5.0,3.55,0.26,10
2020-11-01,2020,11,Q4,Umm Al Quwain,1.89,2.044,1.908,46.39,-5.1,-2.09,0.29,3.29,7.54,43.5,88.8,29.1,72.6,87.3,0,0,0,0,3,5.0,5.0,3.43,0.09,6
2020-12-01,2020,12,Q4,Dubai,1.923,2.074,1.98,49.8,-4.86,-2.17,0.28,3.28,7.25,41.5,90.4,33.1,113.9,92.4,0,1,0,0,1,5.0,5.0,3.52,3.65,856
2020-12-01,2020,12,Q4,Abu Dhabi,1.923,2.05,1.971,50.76,-5.12,-2.16,0.28,3.28,7.25,41.5,92.4,34.0,105.0,89.6,0,1,0,0,1,5.0,5.0,3.42,3.8,489
2020-12-01,2020,12,Q4,Sharjah,1.905,2.075,1.963,48.18,-5.03,-2.23,0.28,3.28,7.25,41.5,87.9,34.4,91.8,91.7,0,1,0,0,1,5.0,5.0,3.31,1.8,190
2020-12-01,2020,12,Q4,Ajman,1.925,2.071,1.963,50.13,-5.11,-2.2,0.28,3.28,7.25,41.5,87.3,34.3,75.2,94.2,0,1,0,0,1,5.0,5.0,3.51,0.55,28
2020-12-01,2020,12,Q4,Ras Al Khaimah,1.891,2.081,1.993,48.37,-5.12,-2.0,0.28,3.28,7.25,41.5,89.7,36.2,76.2,89.7,0,1,0,0,1,5.0,5.0,3.46,0.42,21
2020-12-01,2020,12,Q4,Fujairah,1.912,2.084,1.993,51.57,-4.95,-1.98,0.28,3.28,7.25,41.5,88.6,37.1,73.6,90.2,0,1,0,0,1,5.0,5.0,3.46,0.26,10
2020-12-01,2020,12,Q4,Umm Al Quwain,1.893,2.055,1.959,49.88,-4.92,-2.03,0.28,3.28,7.25,41.5,87.5,33.1,72.5,94.1,0,1,0,0,1,5.0,5.0,3.4,0.09,6
2021-01-01,2021,1,Q1,Dubai,1.99,2.139,2.04,53.38,-4.07,-1.81,0.27,3.27,6.96,39.6,91.6,39.6,113.4,91.2,0,0,0,1,3,5.0,5.0,3.38,3.65,882
2021-01-01,2021,1,Q1,Abu Dhabi,1.973,2.139,2.031,54.18,-4.33,-1.75,0.27,3.27,6.96,39.6,93.2,34.5,102.2,94.4,0,0,0,1,3,5.0,5.0,3.32,3.8,504
2021-01-01,2021,1,Q1,Sharjah,1.994,2.151,2.043,52.09,-4.41,-1.59,0.27,3.27,6.96,39.6,89.0,37.0,91.3,93.1,0,0,0,1,3,5.0,5.0,3.33,1.8,196
2021-01-01,2021,1,Q1,Ajman,1.987,2.14,2.015,51.63,-4.2,-1.66,0.27,3.27,6.96,39.6,93.4,35.9,75.9,91.1,0,0,0,1,3,5.0,5.0,3.3,0.55,29
2021-01-01,2021,1,Q1,Ras Al Khaimah,1.964,2.149,2.051,52.35,-4.21,-1.68,0.27,3.27,6.96,39.6,93.6,37.1,77.0,96.7,0,0,0,1,3,5.0,5.0,3.45,0.42,22
2021-01-01,2021,1,Q1,Fujairah,1.994,2.144,2.018,53.74,-4.24,-1.84,0.27,3.27,6.96,39.6,92.6,33.7,73.4,94.5,0,0,0,1,3,5.0,5.0,3.32,0.26,10
2021-01-01,2021,1,Q1,Umm Al Quwain,1.995,2.142,2.051,52.53,-4.24,-1.76,0.27,3.27,6.96,39.6,94.1,37.3,74.2,95.7,0,0,0,1,3,5.0,5.0,3.4,0.09,6
2021-02-01,2021,2,Q1,Dubai,2.069,2.232,2.074,53.21,-3.52,-1.38,0.26,3.26,6.67,37.7,93.0,40.2,118.2,96.4,0,0,0,0,1,5.0,5.0,3.32,3.65,907
2021-02-01,2021,2,Q1,Abu Dhabi,2.041,2.221,2.07,56.5,-3.53,-1.24,0.26,3.26,6.67,37.7,96.4,38.3,103.9,93.9,0,0,0,0,1,5.0,5.0,3.35,3.8,518
2021-02-01,2021,2,Q1,Sharjah,2.033,2.221,2.102,53.69,-3.43,-1.38,0.26,3.26,6.67,37.7,96.0,39.5,91.9,94.2,0,0,0,0,1,5.0,5.0,3.32,1.8,201
2021-02-01,2021,2,Q1,Ajman,2.043,2.207,2.095,56.62,-3.4,-1.48,0.26,3.26,6.67,37.7,91.8,40.4,77.1,93.1,0,0,0,0,1,5.0,5.0,3.21,0.55,30
2021-02-01,2021,2,Q1,Ras Al Khaimah,2.052,2.198,2.078,54.18,-3.51,-1.38,0.26,3.26,6.67,37.7,92.9,39.5,76.7,94.7,0,0,0,0,1,5.0,5.0,3.47,0.42,22
2021-02-01,2021,2,Q1,Fujairah,2.072,2.197,2.081,56.46,-3.47,-1.26,0.26,3.26,6.67,37.7,96.0,35.4,76.7,93.5,0,0,0,0,1,5.0,5.0,3.32,0.26,10
2021-02-01,2021,2,Q1,Umm Al Quwain,2.063,2.217,2.085,55.91,-3.29,-1.46,0.26,3.26,6.67,37.7,91.8,35.9,75.3,97.2,0,0,0,0,1,5.0,5.0,3.26,0.09,6
2021-03-01,2021,3,Q1,Dubai,2.114,2.309,2.145,55.51,-2.83,-1.05,0.24,3.24,6.38,35.8,98.5,41.0,116.4,97.2,0,0,0,0,1,5.0,5.0,3.3,3.65,932
2021-03-01,2021,3,Q1,Abu Dhabi,2.122,2.305,2.13,58.63,-2.67,-1.07,0.24,3.24,6.38,35.8,97.9,42.1,105.3,99.1,0,0,0,0,1,5.0,5.0,3.25,3.8,532
2021-03-01,2021,3,Q1,Sharjah,2.134,2.292,2.152,56.23,-2.79,-0.91,0.24,3.24,6.38,35.8,94.8,41.9,92.5,96.7,0,0,0,0,1,5.0,5.0,3.39,1.8,207
2021-03-01,2021,3,Q1,Ajman,2.124,2.283,2.148,55.9,-2.67,-1.01,0.24,3.24,6.38,35.8,98.1,41.2,78.1,98.9,0,0,0,0,1,5.0,5.0,3.21,0.55,31
2021-03-01,2021,3,Q1,Ras Al Khaimah,2.131,2.291,2.124,57.41,-2.58,-0.92,0.24,3.24,6.38,35.8,96.3,38.2,78.8,98.6,0,0,0,0,1,5.0,5.0,3.3,0.42,23
2021-03-01,2021,3,Q1,Fujairah,2.113,2.29,2.122,56.83,-2.5,-0.85,0.24,3.24,6.38,35.8,96.3,39.2,76.3,97.3,0,0,0,0,1,5.0,5.0,3.22,0.26,11
2021-03-01,2021,3,Q1,Umm Al Quwain,2.144,2.293,2.155,55.82,-2.51,-0.85,0.24,3.24,6.38,35.8,94.8,39.8,76.5,95.3,0,0,0,0,1,5.0,5.0,3.42,0.09,6
2021-04-01,2021,4,Q2,Dubai,2.189,2.375,2.21,58.46,-1.97,-0.47,0.23,3.23,6.08,33.8,95.4,41.0,118.5,97.9,1,0,0,0,1,5.0,5.0,3.26,3.65,957
2021-04-01,2021,4,Q2,Abu Dhabi,2.194,2.36,2.209,58.45,-1.75,-0.47,0.23,3.23,6.08,33.8,97.6,44.3,105.8,102.7,1,0,0,0,1,5.0,5.0,3.14,3.8,547
2021-04-01,2021,4,Q2,Sharjah,2.2,2.384,2.176,57.87,-2.03,-0.71,0.23,3.23,6.08,33.8,99.7,39.9,93.0,98.2,1,0,0,0,1,5.0,5.0,3.17,1.8,213
2021-04-01,2021,4,Q2,Ajman,2.212,2.384,2.194,58.5,-1.87,-0.63,0.23,3.23,6.08,33.8,98.8,40.1,80.4,100.1,1,0,0,0,1,5.0,5.0,3.37,0.55,31
2021-04-01,2021,4,Q2,Ras Al Khaimah,2.194,2.365,2.174,57.38,-1.82,-0.69,0.23,3.23,6.08,33.8,97.6,44.0,76.7,98.7,1,0,0,0,1,5.0,5.0,3.3,0.42,23
2021-04-01,2021,4,Q2,Fujairah,2.187,2.358,2.173,58.8,-1.88,-0.48,0.23,3.23,6.08,33.8,98.0,43.1,76.4,97.9,1,0,0,0,1,5.0,5.0,3.2,0.26,11
2021-04-01,2021,4,Q2,Umm Al Quwain,2.205,2.378,2.183,58.57,-1.83,-0.44,0.23,3.23,6.08,33.8,97.0,40.8,75.4,97.1,1,0,0,0,1,5.0,5.0,3.32,0.09,6
2021-05-01,2021,5,Q2,Dubai,2.267,2.433,2.256,61.34,-0.93,-0.06,0.22,3.22,5.79,31.9,96.6,46.0,118.4,102.4,1,0,0,0,1,5.0,5.0,3.12,3.65,982
2021-05-01,2021,5,Q2,Abu Dhabi,2.277,2.447,2.248,62.33,-0.97,-0.12,0.22,3.22,5.79,31.9,101.0,41.0,106.8,100.9,1,0,0,0,1,5.0,5.0,3.25,3.8,561
2021-05-01,2021,5,Q2,Sharjah,2.257,2.428,2.241,63.14,-1.22,-0.33,0.22,3.22,5.79,31.9,96.4,41.7,93.6,104.4,1,0,0,0,1,5.0,5.0,3.34,1.8,218
2021-05-01,2021,5,Q2,Ajman,2.285,2.461,2.257,61.15,-0.94,-0.25,0.22,3.22,5.79,31.9,97.3,46.3,80.4,100.2,1,0,0,0,1,5.0,5.0,3.3,0.55,32
2021-05-01,2021,5,Q2,Ras Al Khaimah,2.272,2.425,2.237,62.6,-1.24,-0.11,0.22,3.22,5.79,31.9,98.3,40.4,77.3,99.2,1,0,0,0,1,5.0,5.0,3.1,0.42,24
2021-05-01,2021,5,Q2,Fujairah,2.253,2.458,2.235,61.96,-1.0,-0.27,0.22,3.22,5.79,31.9,96.8,42.8,75.8,102.2,1,0,0,0,1,5.0,5.0,3.34,0.26,11
2021-05-01,2021,5,Q2,Umm Al Quwain,2.252,2.436,2.235,63.31,-0.91,-0.04,0.22,3.22,5.79,31.9,100.6,45.5,77.2,104.5,1,0,0,0,1,5.0,5.0,3.24,0.09,7
2021-06-01,2021,6,Q2,Dubai,2.342,2.504,2.31,62.73,-0.22,0.07,0.21,3.21,5.5,30.0,103.5,44.4,121.3,105.8,0,0,0,0,1,5.0,5.0,3.22,3.65,1008
2021-06-01,2021,6,Q2,Abu Dhabi,2.339,2.514,2.303,63.48,-0.17,0.21,0.21,3.21,5.5,30.0,101.7,47.0,106.6,105.5,0,0,0,0,1,5.0,5.0,3.35,3.8,576
2021-06-01,2021,6,Q2,Sharjah,2.324,2.518,2.307,64.39,-0.44,0.35,0.21,3.21,5.5,30.0,99.1,46.4,95.2,104.6,0,0,0,0,1,5.0,5.0,3.09,1.8,224
2021-06-01,2021,6,Q2,Ajman,2.339,2.506,2.302,63.14,-0.28,0.27,0.21,3.21,5.5,30.0,98.2,44.0,82.3,104.1,0,0,0,0,1,5.0,5.0,3.06,0.55,33
2021-06-01,2021,6,Q2,Ras Al Khaimah,2.357,2.498,2.314,65.34,-0.32,0.22,0.21,3.21,5.5,30.0,101.7,47.6,80.4,106.1,0,0,0,0,1,5.0,5.0,3.16,0.42,25
2021-06-01,2021,6,Q2,Fujairah,2.343,2.51,2.314,62.27,-0.11,0.19,0.21,3.21,5.5,30.0,101.3,43.5,78.4,106.4,0,0,0,0,1,5.0,5.0,3.13,0.26,12
2021-06-01,2021,6,Q2,Umm Al Quwain,2.355,2.528,2.308,64.5,-0.22,0.31,0.21,3.21,5.5,30.0,98.6,47.5,78.8,104.5,0,0,0,0,1,5.0,5.0,3.16,0.09,7
2021-07-01,2021,7,Q3,Dubai,2.378,2.591,2.364,65.27,0.45,0.65,0.2,3.2,5.17,28.7,104.9,50.8,121.6,108.8,0,0,0,0,1,5.0,5.0,3.29,3.65,1033
2021-07-01,2021,7,Q3,Abu Dhabi,2.38,2.572,2.371,68.28,0.34,0.59,0.2,3.2,5.17,28.7,100.5,46.9,110.2,103.5,0,0,0,0,1,5.0,5.0,3.2,3.8,590
2021-07-01,2021,7,Q3,Sharjah,2.384,2.584,2.365,66.63,0.3,0.43,0.2,3.2,5.17,28.7,100.1,47.6,94.8,103.1,0,0,0,0,1,5.0,5.0,3.15,1.8,230
2021-07-01,2021,7,Q3,Ajman,2.372,2.582,2.345,67.99,0.41,0.69,0.2,3.2,5.17,28.7,103.0,50.8,81.6,106.1,0,0,0,0,1,5.0,5.0,3.04,0.55,34
2021-07-01,2021,7,Q3,Ras Al Khaimah,2.377,2.556,2.351,64.83,0.63,0.7,0.2,3.2,5.17,28.7,102.7,47.6,80.6,104.3,0,0,0,0,1,5.0,5.0,3.25,0.42,25
2021-07-01,2021,7,Q3,Fujairah,2.404,2.563,2.348,65.44,0.39,0.59,0.2,3.2,5.17,28.7,103.3,46.1,79.6,104.3,0,0,0,0,1,5.0,5.0,3.16,0.26,12
2021-07-01,2021,7,Q3,Umm Al Quwain,2.407,2.57,2.371,68.07,0.52,0.71,0.2,3.2,5.17,28.7,102.6,47.5,79.1,108.4,0,0,0,0,1,5.0,5.0,3.09,0.09,7
2021-08-01,2021,8,Q3,Dubai,2.427,2.606,2.409,68.96,1.13,0.86,0.19,3.19,4.83,27.3,107.3,52.9,124.0,110.6,0,0,0,0,1,5.0,5.0,3.18,3.65,1058
2021-08-01,2021,8,Q3,Abu Dhabi,2.461,2.638,2.39,68.39,1.15,1.0,0.19,3.19,4.83,27.3,103.1,54.4,111.0,107.1,0,0,0,0,1,5.0,5.0,3.27,3.8,604
2021-08-01,2021,8,Q3,Sharjah,2.455,2.641,2.409,70.33,1.31,1.08,0.19,3.19,4.83,27.3,104.9,49.9,94.5,110.1,0,0,0,0,1,5.0,5.0,3.18,1.8,235
2021-08-01,2021,8,Q3,Ajman,2.45,2.609,2.414,69.17,1.14,0.9,0.19,3.19,4.83,27.3,104.1,50.9,82.2,105.7,0,0,0,0,1,5.0,5.0,3.25,0.55,35
2021-08-01,2021,8,Q3,Ras Al Khaimah,2.461,2.615,2.404,67.33,1.28,0.93,0.19,3.19,4.83,27.3,105.4,50.3,81.4,108.9,0,0,0,0,1,5.0,5.0,3.21,0.42,26
2021-08-01,2021,8,Q3,Fujairah,2.45,2.632,2.414,69.03,1.4,0.94,0.19,3.19,4.83,27.3,107.6,50.7,80.8,106.9,0,0,0,0,1,5.0,5.0,3.15,0.26,12
2021-08-01,2021,8,Q3,Umm Al Quwain,2.453,2.642,2.397,68.14,1.42,1.12,0.19,3.19,4.83,27.3,104.2,55.1,78.0,108.7,0,0,0,0,1,5.0,5.0,3.0,0.09,7
2021-09-01,2021,9,Q3,Dubai,2.509,2.696,2.455,71.26,2.12,1.3,0.18,3.18,4.5,26.0,107.8,53.4,123.5,109.5,0,0,0,0,3,5.0,5.0,2.96,3.65,1083
2021-09-01,2021,9,Q3,Abu Dhabi,2.497,2.661,2.465,71.39,1.94,1.36,0.18,3.18,4.5,26.0,108.1,55.3,111.8,107.6,0,0,0,0,3,5.0,5.0,3.1,3.8,619
2021-09-01,2021,9,Q3,Sharjah,2.503,2.673,2.463,69.1,1.9,1.39,0.18,3.18,4.5,26.0,106.0,52.9,95.5,110.4,0,0,0,0,3,5.0,5.0,3.1,1.8,241
2021-09-01,2021,9,Q3,Ajman,2.503,2.694,2.465,72.43,2.24,1.39,0.18,3.18,4.5,26.0,104.4,55.1,81.8,108.9,0,0,0,0,3,5.0,5.0,3.18,0.55,36
2021-09-01,2021,9,Q3,Ras Al Khaimah,2.479,2.66,2.479,70.92,2.17,1.38,0.18,3.18,4.5,26.0,104.5,55.2,80.2,107.8,0,0,0,0,3,5.0,5.0,3.11,0.42,27
2021-09-01,2021,9,Q3,Fujairah,2.493,2.684,2.456,72.89,1.93,1.46,0.18,3.18,4.5,26.0,105.0,57.5,81.1,111.1,0,0,0,0,3,5.0,5.0,3.21,0.26,12
2021-09-01,2021,9,Q3,Umm Al Quwain,2.513,2.696,2.462,69.38,2.18,1.45,0.18,3.18,4.5,26.0,106.7,57.0,81.6,109.8,0,0,0,0,3,5.0,5.0,2.99,0.09,7
2021-10-01,2021,10,Q4,Dubai,2.538,2.748,2.525,73.68,2.64,1.62,0.17,3.17,4.17,24.7,109.9,59.9,124.2,110.3,0,0,0,0,3,5.0,5.0,2.96,3.65,1108
2021-10-01,2021,10,Q4,Abu Dhabi,2.564,2.748,2.515,74.85,2.65,1.62,0.17,3.17,4.17,24.7,107.6,57.0,112.7,109.9,0,0,0,0,3,5.0,5.0,2.95,3.8,633
2021-10-01,2021,10,Q4,Sharjah,2.556,2.753,2.512,73.39,2.96,1.8,0.17,3.17,4.17,24.7,109.9,62.3,97.6,113.3,0,0,0,0,3,5.0,5.0,3.08,1.8,246
2021-10-01,2021,10,Q4,Ajman,2.548,2.726,2.496,73.29,2.71,1.73,0.17,3.17,4.17,24.7,108.8,56.9,82.6,110.1,0,0,0,0,3,5.0,5.0,2.92,0.55,36
2021-10-01,2021,10,Q4,Ras Al Khaimah,2.534,2.738,2.5,71.92,2.83,1.84,0.17,3.17,4.17,24.7,107.0,56.8,80.8,110.8,0,0,0,0,3,5.0,5.0,2.92,0.42,27
2021-10-01,2021,10,Q4,Fujairah,2.541,2.727,2.517,72.26,2.78,1.8,0.17,3.17,4.17,24.7,109.4,61.2,80.7,112.8,0,0,0,0,3,5.0,5.0,3.08,0.26,13
2021-10-01,2021,10,Q4,Umm Al Quwain,2.534,2.725,2.518,74.6,2.78,1.79,0.17,3.17,4.17,24.7,107.8,62.0,80.0,110.7,0,0,0,0,3,5.0,5.0,3.07,0.09,7
2021-11-01,2021,11,Q4,Dubai,2.603,2.777,2.554,76.95,3.77,2.16,0.16,3.16,3.83,23.3,111.5,65.8,125.4,113.0,0,0,0,0,3,5.0,5.0,2.9,3.65,1134
2021-11-01,2021,11,Q4,Abu Dhabi,2.581,2.78,2.577,76.06,3.67,2.06,0.16,3.16,3.83,23.3,108.0,61.7,113.4,115.9,0,0,0,0,3,5.0,5.0,3.17,3.8,648
2021-11-01,2021,11,Q4,Sharjah,2.606,2.799,2.548,77.59,3.57,2.22,0.16,3.16,3.83,23.3,110.5,62.7,97.1,112.9,0,0,0,0,3,5.0,5.0,3.04,1.8,252
2021-11-01,2021,11,Q4,Ajman,2.583,2.777,2.582,76.72,3.48,2.2,0.16,3.16,3.83,23.3,109.8,62.4,83.7,115.2,0,0,0,0,3,5.0,5.0,2.94,0.55,37
2021-11-01,2021,11,Q4,Ras Al Khaimah,2.618,2.771,2.572,75.31,3.71,2.13,0.16,3.16,3.83,23.3,110.4,63.7,83.9,116.2,0,0,0,0,3,5.0,5.0,3.01,0.42,28
2021-11-01,2021,11,Q4,Fujairah,2.58,2.805,2.561,76.55,3.68,2.22,0.16,3.16,3.83,23.3,108.5,64.1,80.1,113.1,0,0,0,0,3,5.0,5.0,3.12,0.26,13
2021-11-01,2021,11,Q4,Umm Al Quwain,2.601,2.8,2.554,73.87,3.53,2.2,0.16,3.16,3.83,23.3,109.7,61.7,80.6,115.3,0,0,0,0,3,5.0,5.0,2.9,0.09,8
2021-12-01,2021,12,Q4,Dubai,2.633,2.843,2.613,76.78,4.46,2.62,0.15,3.15,3.5,22.0,112.1,65.1,128.2,118.1,0,1,0,0,1,5.0,5.0,3.04,3.65,1159
2021-12-01,2021,12,Q4,Abu Dhabi,2.652,2.859,2.609,77.94,4.26,2.58,0.15,3.15,3.5,22.0,111.1,66.4,114.0,114.1,0,1,0,0,1,5.0,5.0,2.96,3.8,662
2021-12-01,2021,12,Q4,Sharjah,2.638,2.841,2.622,79.41,4.38,2.37,0.15,3.15,3.5,22.0,113.0,65.8,100.5,115.7,0,1,0,0,1,5.0,5.0,2.86,1.8,258
2021-12-01,2021,12,Q4,Ajman,2.648,2.833,2.631,76.22,4.46,2.38,0.15,3.15,3.5,22.0,109.6,67.0,82.8,116.2,0,1,0,0,1,5.0,5.0,3.14,0.55,38
2021-12-01,2021,12,Q4,Ras Al Khaimah,2.659,2.847,2.628,76.86,4.53,2.43,0.15,3.15,3.5,22.0,111.3,69.5,85.5,117.1,0,1,0,0,1,5.0,5.0,3.07,0.42,28
2021-12-01,2021,12,Q4,Fujairah,2.641,2.852,2.603,78.11,4.32,2.51,0.15,3.15,3.5,22.0,113.5,68.0,82.9,118.8,0,1,0,0,1,5.0,5.0,3.09,0.26,13
2021-12-01,2021,12,Q4,Umm Al Quwain,2.65,2.824,2.635,78.94,4.48,2.36,0.15,3.15,3.5,22.0,112.8,67.7,82.2,115.2,0,1,0,0,1,5.0,5.0,2.95,0.09,8
2022-01-01,2022,1,Q1,Dubai,2.866,3.082,2.938,84.95,4.69,2.9,0.23,3.23,3.44,22.7,113.4,72.9,127.9,119.2,0,0,0,1,3,5.0,5.0,3.12,3.65,1192
2022-01-01,2022,1,Q1,Abu Dhabi,2.855,3.096,2.923,83.75,4.51,2.86,0.23,3.23,3.44,22.7,114.0,72.7,116.2,114.3,0,0,0,1,3,5.0,5.0,2.91,3.8,681
2022-01-01,2022,1,Q1,Sharjah,2.89,3.067,2.935,83.58,4.5,3.01,0.23,3.23,3.44,22.7,112.7,73.0,98.9,118.9,0,0,0,1,3,5.0,5.0,2.92,1.8,265
2022-01-01,2022,1,Q1,Ajman,2.866,3.071,2.943,83.99,4.78,2.88,0.23,3.23,3.44,22.7,111.3,69.6,85.6,116.3,0,0,0,1,3,5.0,5.0,2.97,0.55,39
2022-01-01,2022,1,Q1,Ras Al Khaimah,2.858,3.09,2.938,85.08,4.75,3.09,0.23,3.23,3.44,22.7,111.1,69.3,84.5,118.2,0,0,0,1,3,5.0,5.0,2.89,0.42,29
2022-01-01,2022,1,Q1,Fujairah,2.876,3.092,2.936,82.99,4.79,2.87,0.23,3.23,3.44,22.7,109.7,69.3,83.9,115.6,0,0,0,1,3,5.0,5.0,3.07,0.26,14
2022-01-01,2022,1,Q1,Umm Al Quwain,2.875,3.088,2.921,84.06,4.84,3.13,0.23,3.23,3.44,22.7,111.9,67.6,80.9,114.7,0,0,0,1,3,5.0,5.0,3.0,0.09,8
2022-02-01,2022,2,Q1,Dubai,3.102,3.303,3.213,89.6,4.99,3.52,0.32,3.32,3.39,23.3,111.3,75.2,130.0,115.5,0,0,0,0,1,5.0,5.0,3.02,3.65,1226
2022-02-01,2022,2,Q1,Abu Dhabi,3.101,3.294,3.226,92.46,4.97,3.45,0.32,3.32,3.39,23.3,111.9,75.0,117.8,114.0,0,0,0,0,1,5.0,5.0,2.9,3.8,700
2022-02-01,2022,2,Q1,Sharjah,3.093,3.293,3.24,91.43,5.02,3.52,0.32,3.32,3.39,23.3,113.9,74.6,101.8,117.2,0,0,0,0,1,5.0,5.0,2.89,1.8,273
2022-02-01,2022,2,Q1,Ajman,3.11,3.314,3.224,91.76,4.94,3.41,0.32,3.32,3.39,23.3,113.0,71.4,85.5,116.8,0,0,0,0,1,5.0,5.0,2.93,0.55,40
2022-02-01,2022,2,Q1,Ras Al Khaimah,3.105,3.316,3.217,92.76,4.93,3.48,0.32,3.32,3.39,23.3,112.1,73.3,85.4,118.7,0,0,0,0,1,5.0,5.0,2.99,0.42,30
2022-02-01,2022,2,Q1,Fujairah,3.085,3.298,3.241,91.45,5.11,3.39,0.32,3.32,3.39,23.3,110.9,73.6,83.8,119.6,0,0,0,0,1,5.0,5.0,3.04,0.26,14
2022-02-01,2022,2,Q1,Umm Al Quwain,3.111,3.292,3.24,93.17,5.11,3.46,0.32,3.32,3.39,23.3,111.1,73.8,85.6,117.7,0,0,0,0,1,5.0,5.0,3.02,0.09,8
2022-03-01,2022,3,Q1,Dubai,3.308,3.562,3.543,96.54,5.26,3.8,0.4,3.4,3.33,24.0,112.2,79.9,131.4,118.7,0,0,0,0,1,5.0,5.0,3.04,3.65,1260
2022-03-01,2022,3,Q1,Abu Dhabi,3.319,3.541,3.546,96.34,5.46,3.98,0.4,3.4,3.33,24.0,108.3,76.1,119.1,119.9,0,0,0,0,1,5.0,5.0,2.8,3.8,720
2022-03-01,2022,3,Q1,Sharjah,3.331,3.546,3.542,97.49,5.42,3.99,0.4,3.4,3.33,24.0,110.0,76.8,102.6,115.2,0,0,0,0,1,5.0,5.0,2.79,1.8,280
2022-03-01,2022,3,Q1,Ajman,3.319,3.528,3.518,99.22,5.27,3.87,0.4,3.4,3.33,24.0,112.2,78.7,88.3,118.7,0,0,0,0,1,5.0,5.0,2.89,0.55,42
2022-03-01,2022,3,Q1,Ras Al Khaimah,3.334,3.529,3.553,96.46,5.17,3.88,0.4,3.4,3.33,24.0,111.2,76.0,87.6,117.6,0,0,0,0,1,5.0,5.0,2.96,0.42,31
2022-03-01,2022,3,Q1,Fujairah,3.301,3.55,3.532,99.0,5.33,3.96,0.4,3.4,3.33,24.0,111.3,76.7,84.0,114.6,0,0,0,0,1,5.0,5.0,2.94,0.26,15
2022-03-01,2022,3,Q1,Umm Al Quwain,3.331,3.542,3.542,99.39,5.45,3.95,0.4,3.4,3.33,24.0,113.5,80.0,84.3,119.2,0,0,0,0,1,5.0,5.0,2.93,0.09,9
2022-04-01,2022,4,Q2,Dubai,3.604,3.847,3.827,103.18,5.6,4.32,0.84,3.84,3.28,24.7,109.8,82.2,133.1,119.0,1,0,0,0,1,5.0,5.0,2.92,3.65,1293
2022-04-01,2022,4,Q2,Abu Dhabi,3.595,3.838,3.836,105.84,5.37,4.39,0.84,3.84,3.28,24.7,108.1,82.5,121.7,118.6,1,0,0,0,1,5.0,5.0,2.81,3.8,739
2022-04-01,2022,4,Q2,Sharjah,3.58,3.85,3.863,103.21,5.7,4.58,0.84,3.84,3.28,24.7,113.7,78.8,106.3,114.8,1,0,0,0,1,5.0,5.0,2.93,1.8,287
2022-04-01,2022,4,Q2,Ajman,3.591,3.851,3.859,106.16,5.39,4.51,0.84,3.84,3.28,24.7,112.0,80.8,89.9,114.7,1,0,0,0,1,5.0,5.0,2.94,0.55,43
2022-04-01,2022,4,Q2,Ras Al Khaimah,3.614,3.855,3.848,104.6,5.66,4.38,0.84,3.84,3.28,24.7,111.3,78.9,87.9,119.7,1,0,0,0,1,5.0,5.0,2.86,0.42,32
2022-04-01,2022,4,Q2,Fujairah,3.597,3.84,3.844,103.54,5.45,4.58,0.84,3.84,3.28,24.7,108.9,82.6,87.8,115.7,1,0,0,0,1,5.0,5.0,2.91,0.26,15
2022-04-01,2022,4,Q2,Umm Al Quwain,3.594,3.831,3.827,104.09,5.55,4.48,0.84,3.84,3.28,24.7,112.5,82.9,87.2,116.6,1,0,0,0,1,5.0,5.0,3.05,0.09,9
2022-05-01,2022,5,Q2,Dubai,3.865,4.129,4.139,110.43,5.69,4.97,1.29,4.29,3.22,25.3,109.8,86.3,134.5,119.0,1,0,0,0,1,5.0,5.0,2.77,3.65,1327
2022-05-01,2022,5,Q2,Abu Dhabi,3.856,4.108,4.155,112.19,5.93,5.03,1.29,4.29,3.22,25.3,112.3,86.1,122.2,115.7,1,0,0,0,1,5.0,5.0,2.75,3.8,758
2022-05-01,2022,5,Q2,Sharjah,3.881,4.107,4.155,112.17,5.79,5.0,1.29,4.29,3.22,25.3,107.7,86.1,105.8,116.0,1,0,0,0,1,5.0,5.0,2.99,1.8,295
2022-05-01,2022,5,Q2,Ajman,3.866,4.139,4.144,113.2,5.78,4.96,1.29,4.29,3.22,25.3,112.9,84.4,90.4,119.7,1,0,0,0,1,5.0,5.0,2.97,0.55,44
2022-05-01,2022,5,Q2,Ras Al Khaimah,3.867,4.144,4.153,110.65,5.85,4.77,1.29,4.29,3.22,25.3,109.3,83.5,88.6,116.0,1,0,0,0,1,5.0,5.0,2.74,0.42,33
2022-05-01,2022,5,Q2,Fujairah,3.857,4.126,4.135,112.74,5.85,4.96,1.29,4.29,3.22,25.3,110.8,81.9,88.6,115.1,1,0,0,0,1,5.0,5.0,2.75,0.26,15
2022-05-01,2022,5,Q2,Umm Al Quwain,3.862,4.109,4.166,109.87,5.73,4.81,1.29,4.29,3.22,25.3,112.5,87.1,89.1,117.0,1,0,0,0,1,5.0,5.0,2.87,0.09,9
2022-06-01,2022,6,Q2,Dubai,4.159,4.429,4.464,118.1,6.16,5.27,1.73,4.73,3.17,26.0,111.5,88.2,137.9,117.0,0,0,0,0,1,5.0,5.0,2.78,3.65,1360
2022-06-01,2022,6,Q2,Abu Dhabi,4.161,4.398,4.446,117.09,6.06,5.45,1.73,4.73,3.17,26.0,109.0,90.4,124.1,120.3,0,0,0,0,1,5.0,5.0,2.96,3.8,777
2022-06-01,2022,6,Q2,Sharjah,4.149,4.406,4.457,117.84,6.12,5.31,1.73,4.73,3.17,26.0,112.5,87.2,106.5,118.7,0,0,0,0,1,5.0,5.0,2.82,1.8,302
2022-06-01,2022,6,Q2,Ajman,4.164,4.427,4.457,116.88,6.03,5.34,1.73,4.73,3.17,26.0,108.4,89.7,92.4,119.6,0,0,0,0,1,5.0,5.0,2.8,0.55,45
2022-06-01,2022,6,Q2,Ras Al Khaimah,4.139,4.436,4.454,116.9,6.34,5.38,1.73,4.73,3.17,26.0,109.5,85.3,90.9,120.0,0,0,0,0,1,5.0,5.0,2.7,0.42,34
2022-06-01,2022,6,Q2,Fujairah,4.161,4.408,4.469,118.67,6.34,5.49,1.73,4.73,3.17,26.0,110.9,87.4,90.3,115.2,0,0,0,0,1,5.0,5.0,2.88,0.26,16
2022-06-01,2022,6,Q2,Umm Al Quwain,4.159,4.419,4.455,116.36,6.25,5.52,1.73,4.73,3.17,26.0,109.5,88.4,89.6,119.2,0,0,0,0,1,5.0,5.0,2.99,0.09,9
2022-07-01,2022,7,Q3,Dubai,3.952,4.217,4.767,110.94,6.6,5.2,2.18,5.18,3.11,26.7,110.5,90.6,140.1,120.1,0,0,0,0,1,5.0,5.0,2.96,3.65,1394
2022-07-01,2022,7,Q3,Abu Dhabi,3.922,4.184,4.748,110.64,6.51,5.27,2.18,5.18,3.11,26.7,111.7,87.6,124.9,117.9,0,0,0,0,1,5.0,5.0,2.78,3.8,796
2022-07-01,2022,7,Q3,Sharjah,3.941,4.186,4.778,112.56,6.63,5.31,2.18,5.18,3.11,26.7,110.7,87.5,109.7,116.6,0,0,0,0,1,5.0,5.0,2.84,1.8,310
2022-07-01,2022,7,Q3,Ajman,3.923,4.183,4.771,111.68,6.35,5.39,2.18,5.18,3.11,26.7,107.3,90.4,93.9,118.8,0,0,0,0,1,5.0,5.0,2.89,0.55,46
2022-07-01,2022,7,Q3,Ras Al Khaimah,3.937,4.191,4.751,111.73,6.42,5.4,2.18,5.18,3.11,26.7,108.7,89.1,93.1,117.1,0,0,0,0,1,5.0,5.0,2.72,0.42,34
2022-07-01,2022,7,Q3,Fujairah,3.923,4.218,4.753,112.09,6.48,5.21,2.18,5.18,3.11,26.7,107.2,91.5,91.0,118.3,0,0,0,0,1,5.0,5.0,2.82,0.26,16
2022-07-01,2022,7,Q3,Umm Al Quwain,3.933,4.193,4.766,111.79,6.45,5.38,2.18,5.18,3.11,26.7,107.7,89.0,89.4,116.0,0,0,0,0,1,5.0,5.0,2.97,0.09,9
2022-08-01,2022,8,Q3,Dubai,3.748,3.962,4.436,104.64,6.78,5.24,2.62,5.62,3.06,27.3,110.5,88.9,142.3,116.8,0,0,0,0,1,5.0,5.0,2.69,3.65,1427
2022-08-01,2022,8,Q3,Abu Dhabi,3.725,3.992,4.43,107.72,6.82,5.25,2.62,5.62,3.06,27.3,107.0,89.0,125.2,117.8,0,0,0,0,1,5.0,5.0,2.73,3.8,816
2022-08-01,2022,8,Q3,Sharjah,3.746,3.994,4.468,106.53,6.69,5.14,2.62,5.62,3.06,27.3,112.1,88.8,112.5,119.4,0,0,0,0,1,5.0,5.0,2.7,1.8,317
2022-08-01,2022,8,Q3,Ajman,3.74,3.998,4.429,107.78,6.79,5.33,2.62,5.62,3.06,27.3,109.3,92.8,93.3,117.8,0,0,0,0,1,5.0,5.0,2.7,0.55,47
2022-08-01,2022,8,Q3,Ras Al Khaimah,3.753,3.996,4.439,107.22,6.84,5.3,2.62,5.62,3.06,27.3,109.9,87.7,93.5,116.2,0,0,0,0,1,5.0,5.0,2.68,0.42,35
2022-08-01,2022,8,Q3,Fujairah,3.729,3.963,4.43,107.58,6.74,5.18,2.62,5.62,3.06,27.3,109.5,87.8,93.3,116.5,0,0,0,0,1,5.0,5.0,2.66,0.26,17
2022-08-01,2022,8,Q3,Umm Al Quwain,3.737,3.977,4.435,105.64,6.8,5.18,2.62,5.62,3.06,27.3,106.5,90.4,93.5,119.1,0,0,0,0,1,5.0,5.0,2.75,0.09,10
2022-09-01,2022,9,Q3,Dubai,3.523,3.755,4.116,99.04,6.83,5.15,3.07,6.07,3.0,28.0,107.0,93.7,142.8,121.0,0,0,0,0,3,5.0,5.0,2.87,3.65,1461
2022-09-01,2022,9,Q3,Abu Dhabi,3.524,3.764,4.121,98.03,6.83,5.24,3.07,6.07,3.0,28.0,111.1,88.8,127.1,116.2,0,0,0,0,3,5.0,5.0,2.78,3.8,835
2022-09-01,2022,9,Q3,Sharjah,3.543,3.752,4.145,98.01,7.05,5.12,3.07,6.07,3.0,28.0,110.3,93.1,112.8,121.0,0,0,0,0,3,5.0,5.0,2.9,1.8,325
2022-09-01,2022,9,Q3,Ajman,3.523,3.754,4.147,98.41,6.83,4.98,3.07,6.07,3.0,28.0,111.2,90.4,95.6,116.7,0,0,0,0,3,5.0,5.0,2.92,0.55,48
2022-09-01,2022,9,Q3,Ras Al Khaimah,3.507,3.772,4.131,101.48,7.1,5.02,3.07,6.07,3.0,28.0,109.5,89.4,93.9,118.7,0,0,0,0,3,5.0,5.0,2.74,0.42,36
2022-09-01,2022,9,Q3,Fujairah,3.519,3.743,4.118,101.41,6.92,5.08,3.07,6.07,3.0,28.0,109.1,88.7,94.3,118.8,0,0,0,0,3,5.0,5.0,2.87,0.26,17
2022-09-01,2022,9,Q3,Umm Al Quwain,3.519,3.77,4.131,101.67,6.91,5.05,3.07,6.07,3.0,28.0,109.9,89.4,94.7,120.7,0,0,0,0,3,5.0,5.0,2.66,0.09,10
2022-10-01,2022,10,Q4,Dubai,3.331,3.546,3.841,94.83,7.31,5.11,3.51,6.51,3.28,29.9,110.9,95.0,144.3,121.7,0,0,0,0,3,5.0,5.0,2.63,3.65,1495
2022-10-01,2022,10,Q4,Abu Dhabi,3.331,3.558,3.816,92.09,7.39,4.99,3.51,6.51,3.28,29.9,111.0,91.6,130.2,118.1,0,0,0,0,3,5.0,5.0,2.83,3.8,854
2022-10-01,2022,10,Q4,Sharjah,3.303,3.558,3.834,94.61,7.25,5.13,3.51,6.51,3.28,29.9,108.5,89.9,113.5,117.1,0,0,0,0,3,5.0,5.0,2.65,1.8,332
2022-10-01,2022,10,Q4,Ajman,3.324,3.532,3.841,93.16,7.18,4.86,3.51,6.51,3.28,29.9,110.5,89.0,98.9,117.3,0,0,0,0,3,5.0,5.0,2.8,0.55,49
2022-10-01,2022,10,Q4,Ras Al Khaimah,3.323,3.525,3.814,95.06,7.39,4.95,3.51,6.51,3.28,29.9,110.0,89.2,96.6,118.3,0,0,0,0,3,5.0,5.0,2.77,0.42,37
2022-10-01,2022,10,Q4,Fujairah,3.3,3.537,3.842,95.74,7.24,5.06,3.51,6.51,3.28,29.9,106.8,92.4,95.7,118.0,0,0,0,0,3,5.0,5.0,2.81,0.26,17
2022-10-01,2022,10,Q4,Umm Al Quwain,3.334,3.527,3.83,93.32,7.18,4.86,3.51,6.51,3.28,29.9,111.1,94.5,95.0,118.7,0,0,0,0,3,5.0,5.0,2.74,0.09,10
2022-11-01,2022,11,Q4,Dubai,3.125,3.313,3.499,88.4,7.63,4.89,3.96,6.96,3.56,31.8,109.7,94.3,148.2,120.9,0,0,0,0,3,5.0,5.0,2.64,3.65,1528
2022-11-01,2022,11,Q4,Abu Dhabi,3.121,3.311,3.506,86.06,7.75,5.0,3.96,6.96,3.56,31.8,111.0,94.9,133.9,117.6,0,0,0,0,3,5.0,5.0,2.84,3.8,873
2022-11-01,2022,11,Q4,Sharjah,3.091,3.319,3.499,89.74,7.44,4.96,3.96,6.96,3.56,31.8,108.1,91.6,114.8,118.4,0,0,0,0,3,5.0,5.0,2.67,1.8,340
2022-11-01,2022,11,Q4,Ajman,3.094,3.333,3.524,87.54,7.64,4.82,3.96,6.96,3.56,31.8,107.5,94.5,96.9,117.3,0,0,0,0,3,5.0,5.0,2.8,0.55,50
2022-11-01,2022,11,Q4,Ras Al Khaimah,3.122,3.325,3.521,86.46,7.42,5.02,3.96,6.96,3.56,31.8,109.9,90.5,98.3,118.8,0,0,0,0,3,5.0,5.0,2.79,0.42,38
2022-11-01,2022,11,Q4,Fujairah,3.09,3.338,3.512,86.71,7.64,4.97,3.96,6.96,3.56,31.8,109.1,92.0,96.4,119.8,0,0,0,0,3,5.0,5.0,2.77,0.26,18
2022-11-01,2022,11,Q4,Umm Al Quwain,3.094,3.322,3.506,87.14,7.6,5.0,3.96,6.96,3.56,31.8,108.2,90.0,93.8,119.5,0,0,0,0,3,5.0,5.0,2.58,0.09,10
2022-12-01,2022,12,Q4,Dubai,2.91,3.112,3.182,80.41,8.05,4.76,4.4,7.4,3.83,33.7,109.3,93.5,148.6,121.5,0,1,0,0,1,5.0,5.0,2.77,3.65,1562
2022-12-01,2022,12,Q4,Abu Dhabi,2.898,3.124,3.186,80.15,7.83,4.68,4.4,7.4,3.83,33.7,107.4,95.9,134.3,123.0,0,1,0,0,1,5.0,5.0,2.68,3.8,892
2022-12-01,2022,12,Q4,Sharjah,2.884,3.092,3.216,81.56,7.73,4.79,4.4,7.4,3.83,33.7,110.3,92.7,115.8,122.0,0,1,0,0,1,5.0,5.0,2.56,1.8,347
2022-12-01,2022,12,Q4,Ajman,2.92,3.103,3.181,83.44,7.88,4.8,4.4,7.4,3.83,33.7,110.3,95.5,98.7,122.2,0,1,0,0,1,5.0,5.0,2.69,0.55,52
2022-12-01,2022,12,Q4,Ras Al Khaimah,2.883,3.117,3.22,82.64,7.7,4.91,4.4,7.4,3.83,33.7,108.5,94.0,99.4,118.1,0,1,0,0,1,5.0,5.0,2.71,0.42,39
2022-12-01,2022,12,Q4,Fujairah,2.905,3.103,3.203,83.95,7.86,4.78,4.4,7.4,3.83,33.7,107.4,93.4,97.7,122.1,0,1,0,0,1,5.0,5.0,2.62,0.26,18
2022-12-01,2022,12,Q4,Umm Al Quwain,2.897,3.099,3.202,83.36,7.84,4.83,4.4,7.4,3.83,33.7,105.2,95.6,97.7,120.8,0,1,0,0,1,5.0,5.0,2.6,0.09,11
2023-01-01,2023,1,Q1,Dubai,2.944,3.168,3.196,79.94,7.47,4.53,4.54,7.54,4.11,35.6,108.4,93.5,150.7,118.2,0,0,0,1,3,5.0,5.0,2.57,3.65,1591
2023-01-01,2023,1,Q1,Abu Dhabi,2.956,3.142,3.167,82.08,7.66,4.46,4.54,7.54,4.11,35.6,107.4,93.7,135.9,118.0,0,0,0,1,3,5.0,5.0,2.64,3.8,909
2023-01-01,2023,1,Q1,Sharjah,2.928,3.147,3.173,81.47,7.42,4.58,4.54,7.54,4.11,35.6,109.5,92.3,118.9,119.3,0,0,0,1,3,5.0,5.0,2.8,1.8,354
2023-01-01,2023,1,Q1,Ajman,2.938,3.132,3.193,82.19,7.73,4.43,4.54,7.54,4.11,35.6,108.6,96.9,100.1,119.1,0,0,0,1,3,5.0,5.0,2.68,0.55,53
2023-01-01,2023,1,Q1,Ras Al Khaimah,2.923,3.148,3.198,80.7,7.61,4.44,4.54,7.54,4.11,35.6,107.3,97.6,100.4,117.8,0,0,0,1,3,5.0,5.0,2.61,0.42,39
2023-01-01,2023,1,Q1,Fujairah,2.939,3.155,3.186,82.42,7.37,4.52,4.54,7.54,4.11,35.6,107.3,95.9,98.1,118.7,0,0,0,1,3,5.0,5.0,2.57,0.26,18
2023-01-01,2023,1,Q1,Umm Al Quwain,2.946,3.158,3.197,81.78,7.55,4.52,4.54,7.54,4.11,35.6,108.4,97.8,96.9,120.6,0,0,0,1,3,5.0,5.0,2.73,0.09,11
2023-02-01,2023,2,Q1,Dubai,2.964,3.211,3.155,82.43,7.01,4.17,4.69,7.69,4.39,37.4,108.4,95.4,155.0,118.0,0,0,0,0,1,5.0,5.0,2.72,3.65,1621
2023-02-01,2023,2,Q1,Abu Dhabi,2.964,3.206,3.175,79.5,7.22,4.17,4.69,7.69,4.39,37.4,106.2,94.3,138.8,122.7,0,0,0,0,1,5.0,5.0,2.67,3.8,926
2023-02-01,2023,2,Q1,Sharjah,2.979,3.205,3.151,80.4,7.3,4.34,4.69,7.69,4.39,37.4,110.1,97.5,119.5,118.4,0,0,0,0,1,5.0,5.0,2.56,1.8,360
2023-02-01,2023,2,Q1,Ajman,2.989,3.19,3.147,80.23,7.01,4.14,4.69,7.69,4.39,37.4,110.2,96.2,103.5,122.0,0,0,0,0,1,5.0,5.0,2.6,0.55,54
2023-02-01,2023,2,Q1,Ras Al Khaimah,2.984,3.187,3.178,79.37,7.36,4.38,4.69,7.69,4.39,37.4,106.6,94.6,100.5,119.8,0,0,0,0,1,5.0,5.0,2.58,0.42,40
2023-02-01,2023,2,Q1,Fujairah,2.998,3.176,3.154,80.25,7.02,4.4,4.69,7.69,4.39,37.4,109.8,98.5,101.2,120.0,0,0,0,0,1,5.0,5.0,2.56,0.26,19
2023-02-01,2023,2,Q1,Umm Al Quwain,2.983,3.195,3.16,82.16,7.11,4.22,4.69,7.69,4.39,37.4,107.1,96.1,98.5,120.3,0,0,0,0,1,5.0,5.0,2.82,0.09,11
2023-03-01,2023,3,Q1,Dubai,3.015,3.25,3.129,79.07,6.99,4.03,4.83,7.83,4.67,39.3,106.4,94.7,155.6,122.6,1,0,0,0,1,5.0,5.0,2.62,3.65,1650
2023-03-01,2023,3,Q1,Abu Dhabi,3.03,3.247,3.13,82.08,6.77,3.98,4.83,7.83,4.67,39.3,109.5,99.7,140.4,120.9,1,0,0,0,1,5.0,5.0,2.69,3.8,943
2023-03-01,2023,3,Q1,Sharjah,3.043,3.22,3.125,80.75,6.68,4.03,4.83,7.83,4.67,39.3,107.7,97.6,121.4,121.0,1,0,0,0,1,5.0,5.0,2.67,1.8,367
2023-03-01,2023,3,Q1,Ajman,3.041,3.243,3.155,80.52,6.99,3.93,4.83,7.83,4.67,39.3,110.1,98.3,104.7,117.9,1,0,0,0,1,5.0,5.0,2.81,0.55,55
2023-03-01,2023,3,Q1,Ras Al Khaimah,3.042,3.228,3.154,79.74,6.88,4.11,4.83,7.83,4.67,39.3,111.5,97.4,102.2,117.9,1,0,0,0,1,5.0,5.0,2.68,0.42,41
2023-03-01,2023,3,Q1,Fujairah,3.03,3.227,3.156,80.47,6.77,4.0,4.83,7.83,4.67,39.3,110.0,96.0,101.6,117.9,1,0,0,0,1,5.0,5.0,2.68,0.26,19
2023-03-01,2023,3,Q1,Umm Al Quwain,3.01,3.249,3.156,79.74,6.78,4.07,4.83,7.83,4.67,39.3,109.3,95.0,100.2,118.6,1,0,0,0,1,5.0,5.0,2.68,0.09,11
2023-04-01,2023,4,Q2,Dubai,3.069,3.287,3.131,79.94,6.43,3.86,4.97,7.97,4.94,41.2,111.7,97.7,156.5,122.6,1,0,0,0,1,5.0,5.0,2.68,3.65,1680
2023-04-01,2023,4,Q2,Abu Dhabi,3.058,3.261,3.118,80.84,6.51,3.6,4.97,7.97,4.94,41.2,111.6,97.6,141.3,122.8,1,0,0,0,1,5.0,5.0,2.73,3.8,960
2023-04-01,2023,4,Q2,Sharjah,3.07,3.272,3.117,81.46,6.35,3.81,4.97,7.97,4.94,41.2,106.4,97.9,124.9,121.8,1,0,0,0,1,5.0,5.0,2.75,1.8,374
2023-04-01,2023,4,Q2,Ajman,3.066,3.295,3.104,81.77,6.4,3.62,4.97,7.97,4.94,41.2,106.4,99.1,103.7,121.0,1,0,0,0,1,5.0,5.0,2.54,0.55,55
2023-04-01,2023,4,Q2,Ras Al Khaimah,3.079,3.283,3.116,79.92,6.39,3.73,4.97,7.97,4.94,41.2,108.1,100.6,104.2,119.6,1,0,0,0,1,5.0,5.0,2.74,0.42,42
2023-04-01,2023,4,Q2,Fujairah,3.056,3.296,3.133,78.92,6.33,3.8,4.97,7.97,4.94,41.2,109.4,97.6,104.4,123.1,1,0,0,0,1,5.0,5.0,2.71,0.26,20
2023-04-01,2023,4,Q2,Umm Al Quwain,3.052,3.271,3.106,78.66,6.38,3.81,4.97,7.97,4.94,41.2,109.3,99.3,103.2,122.1,1,0,0,0,1,5.0,5.0,2.6,0.09,12
2023-05-01,2023,5,Q2,Dubai,3.117,3.305,3.1,78.14,6.2,3.47,5.11,8.11,5.22,43.1,111.4,96.7,158.9,119.6,0,0,0,0,1,5.0,5.0,2.52,3.65,1709
2023-05-01,2023,5,Q2,Abu Dhabi,3.102,3.343,3.095,78.64,6.3,3.5,5.11,8.11,5.22,43.1,108.9,96.9,144.4,118.5,0,0,0,0,1,5.0,5.0,2.56,3.8,976
2023-05-01,2023,5,Q2,Sharjah,3.109,3.314,3.083,78.3,6.11,3.51,5.11,8.11,5.22,43.1,107.0,96.8,126.2,123.2,0,0,0,0,1,5.0,5.0,2.51,1.8,380
2023-05-01,2023,5,Q2,Ajman,3.095,3.339,3.086,79.42,6.14,3.55,5.11,8.11,5.22,43.1,112.2,100.9,107.3,122.3,0,0,0,0,1,5.0,5.0,2.63,0.55,56
2023-05-01,2023,5,Q2,Ras Al Khaimah,3.117,3.321,3.093,78.53,6.17,3.51,5.11,8.11,5.22,43.1,107.9,100.3,105.3,119.0,0,0,0,0,1,5.0,5.0,2.79,0.42,42
2023-05-01,2023,5,Q2,Fujairah,3.11,3.321,3.11,81.64,6.07,3.62,5.11,8.11,5.22,43.1,111.3,96.7,103.0,123.3,0,0,0,0,1,5.0,5.0,2.73,0.26,20
2023-05-01,2023,5,Q2,Umm Al Quwain,3.108,3.315,3.097,79.54,6.07,3.52,5.11,8.11,5.22,43.1,112.5,101.0,104.3,123.8,0,0,0,0,1,5.0,5.0,2.54,0.09,12
2023-06-01,2023,6,Q2,Dubai,3.132,3.366,3.063,80.3,5.62,3.08,5.26,8.26,5.5,45.0,113.0,99.5,163.5,118.7,0,0,0,0,1,5.0,5.0,2.67,3.65,1738
2023-06-01,2023,6,Q2,Abu Dhabi,3.144,3.356,3.086,78.89,5.59,3.14,5.26,8.26,5.5,45.0,107.4,101.4,146.6,120.7,0,0,0,0,1,5.0,5.0,2.56,3.8,993
2023-06-01,2023,6,Q2,Sharjah,3.15,3.361,3.091,79.69,5.68,3.11,5.26,8.26,5.5,45.0,113.0,101.6,126.8,121.0,0,0,0,0,1,5.0,5.0,2.8,1.8,387
2023-06-01,2023,6,Q2,Ajman,3.166,3.368,3.061,79.32,5.66,3.06,5.26,8.26,5.5,45.0,108.7,97.7,107.0,118.4,0,0,0,0,1,5.0,5.0,2.5,0.55,57
2023-06-01,2023,6,Q2,Ras Al Khaimah,3.15,3.364,3.091,80.41,5.72,3.09,5.26,8.26,5.5,45.0,111.1,98.5,108.8,119.4,0,0,0,0,1,5.0,5.0,2.63,0.42,43
2023-06-01,2023,6,Q2,Fujairah,3.149,3.35,3.077,77.81,5.77,3.32,5.26,8.26,5.5,45.0,107.3,100.6,104.5,121.2,0,0,0,0,1,5.0,5.0,2.53,0.26,20
2023-06-01,2023,6,Q2,Umm Al Quwain,3.145,3.361,3.066,79.17,5.74,3.13,5.26,8.26,5.5,45.0,108.9,98.8,105.5,119.3,0,0,0,0,1,5.0,5.0,2.64,0.09,12
2023-07-01,2023,7,Q3,Dubai,3.08,3.306,3.062,80.97,5.34,2.85,5.4,8.4,5.67,46.7,111.2,99.0,166.4,120.5,0,0,0,0,1,5.0,5.0,2.76,3.65,1768
2023-07-01,2023,7,Q3,Abu Dhabi,3.08,3.295,3.039,77.76,5.22,3.08,5.4,8.4,5.67,46.7,110.5,99.4,146.3,121.2,0,0,0,0,1,5.0,5.0,2.62,3.8,1010
2023-07-01,2023,7,Q3,Sharjah,3.086,3.292,3.059,80.88,5.55,3.0,5.4,8.4,5.67,46.7,109.9,103.4,127.3,121.5,0,0,0,0,1,5.0,5.0,2.69,1.8,393
2023-07-01,2023,7,Q3,Ajman,3.111,3.313,3.044,78.84,5.34,3.0,5.4,8.4,5.67,46.7,111.2,99.3,109.6,123.4,0,0,0,0,1,5.0,5.0,2.74,0.55,58
2023-07-01,2023,7,Q3,Ras Al Khaimah,3.1,3.295,3.057,77.98,5.34,2.98,5.4,8.4,5.67,46.7,111.5,101.3,107.1,120.1,0,0,0,0,1,5.0,5.0,2.6,0.42,44
2023-07-01,2023,7,Q3,Fujairah,3.107,3.318,3.049,79.15,5.39,2.92,5.4,8.4,5.67,46.7,108.4,99.0,107.9,122.5,0,0,0,0,1,5.0,5.0,2.76,0.26,21
2023-07-01,2023,7,Q3,Umm Al Quwain,3.103,3.311,3.071,77.21,5.47,3.01,5.4,8.4,5.67,46.7,107.6,100.2,106.5,122.9,0,0,0,0,1,5.0,5.0,2.58,0.09,12
2023-08-01,2023,8,Q3,Dubai,3.037,3.261,3.031,77.96,4.99,2.53,5.4,8.4,5.83,48.3,113.3,99.4,165.6,119.4,0,0,0,0,1,5.0,5.0,2.62,3.65,1797
2023-08-01,2023,8,Q3,Abu Dhabi,3.057,3.247,3.026,78.31,5.0,2.76,5.4,8.4,5.83,48.3,109.3,99.6,148.9,119.5,0,0,0,0,1,5.0,5.0,2.72,3.8,1027
2023-08-01,2023,8,Q3,Sharjah,3.057,3.273,3.035,80.22,5.23,2.79,5.4,8.4,5.83,48.3,107.9,99.2,129.1,123.2,0,0,0,0,1,5.0,5.0,2.69,1.8,400
2023-08-01,2023,8,Q3,Ajman,3.055,3.268,3.032,79.09,4.87,2.71,5.4,8.4,5.83,48.3,109.6,104.0,112.0,123.0,0,0,0,0,1,5.0,5.0,2.73,0.55,59
2023-08-01,2023,8,Q3,Ras Al Khaimah,3.043,3.273,3.017,77.1,5.01,2.65,5.4,8.4,5.83,48.3,111.5,102.1,108.8,123.0,0,0,0,0,1,5.0,5.0,2.55,0.42,44
2023-08-01,2023,8,Q3,Fujairah,3.04,3.244,3.041,78.78,5.02,2.71,5.4,8.4,5.83,48.3,109.9,102.4,107.1,122.7,0,0,0,0,1,5.0,5.0,2.55,0.26,21
2023-08-01,2023,8,Q3,Umm Al Quwain,3.057,3.243,3.038,79.1,4.87,2.8,5.4,8.4,5.83,48.3,111.0,102.1,109.1,118.5,0,0,0,0,1,5.0,5.0,2.5,0.09,12
2023-09-01,2023,9,Q3,Dubai,2.97,3.213,3.007,78.81,4.81,2.53,5.4,8.4,6.0,50.0,111.5,100.6,169.1,120.4,0,0,0,0,3,5.0,5.0,2.49,3.65,1827
2023-09-01,2023,9,Q3,Abu Dhabi,2.971,3.21,2.995,77.38,4.53,2.38,5.4,8.4,6.0,50.0,111.1,102.1,150.8,122.6,0,0,0,0,3,5.0,5.0,2.52,3.8,1044
2023-09-01,2023,9,Q3,Sharjah,2.999,3.197,3.03,78.42,4.72,2.34,5.4,8.4,6.0,50.0,113.4,102.0,133.1,123.6,0,0,0,0,3,5.0,5.0,2.55,1.8,406
2023-09-01,2023,9,Q3,Ajman,2.996,3.211,3.001,76.72,4.68,2.5,5.4,8.4,6.0,50.0,110.3,99.5,112.8,120.9,0,0,0,0,3,5.0,5.0,2.59,0.55,60
2023-09-01,2023,9,Q3,Ras Al Khaimah,2.998,3.219,3.026,78.05,4.49,2.32,5.4,8.4,6.0,50.0,109.3,105.2,110.3,122.2,0,0,0,0,3,5.0,5.0,2.49,0.42,45
2023-09-01,2023,9,Q3,Fujairah,2.994,3.215,3.007,77.04,4.67,2.27,5.4,8.4,6.0,50.0,113.3,104.1,110.2,120.2,0,0,0,0,3,5.0,5.0,2.54,0.26,21
2023-09-01,2023,9,Q3,Umm Al Quwain,2.988,3.209,2.999,76.99,4.78,2.41,5.4,8.4,6.0,50.0,113.8,100.5,110.6,120.3,0,0,0,0,3,5.0,5.0,2.75,0.09,13
2023-10-01,2023,10,Q4,Dubai,2.931,3.149,3.006,76.89,4.51,2.15,5.4,8.4,6.17,51.7,112.1,104.6,171.2,122.8,0,0,0,0,3,5.0,5.0,2.47,3.65,1856
2023-10-01,2023,10,Q4,Abu Dhabi,2.934,3.162,2.991,78.1,4.26,2.23,5.4,8.4,6.17,51.7,110.5,103.4,152.4,122.2,0,0,0,0,3,5.0,5.0,2.66,3.8,1060
2023-10-01,2023,10,Q4,Sharjah,2.952,3.139,2.991,76.2,4.24,2.11,5.4,8.4,6.17,51.7,113.9,101.6,135.1,119.2,0,0,0,0,3,5.0,5.0,2.64,1.8,413
2023-10-01,2023,10,Q4,Ajman,2.922,3.143,2.993,79.09,4.16,2.02,5.4,8.4,6.17,51.7,110.9,102.7,112.8,123.4,0,0,0,0,3,5.0,5.0,2.63,0.55,61
2023-10-01,2023,10,Q4,Ras Al Khaimah,2.92,3.157,3.006,77.03,4.14,2.15,5.4,8.4,6.17,51.7,109.1,100.1,113.7,124.3,0,0,0,0,3,5.0,5.0,2.6,0.42,46
2023-10-01,2023,10,Q4,Fujairah,2.95,3.134,2.989,76.66,4.36,2.24,5.4,8.4,6.17,51.7,108.9,101.2,111.2,124.5,0,0,0,0,3,5.0,5.0,2.61,0.26,22
2023-10-01,2023,10,Q4,Umm Al Quwain,2.924,3.162,2.983,78.71,4.32,2.1,5.4,8.4,6.17,51.7,110.2,102.8,109.8,123.4,0,0,0,0,3,5.0,5.0,2.64,0.09,13
2023-11-01,2023,11,Q4,Dubai,2.877,3.072,2.959,79.35,3.82,1.99,5.4,8.4,6.33,53.3,114.6,103.6,174.6,121.2,0,0,1,0,3,5.0,5.0,2.75,3.65,1885
2023-11-01,2023,11,Q4,Abu Dhabi,2.899,3.08,2.956,77.24,4.14,1.74,5.4,8.4,6.33,53.3,111.9,101.6,155.7,121.8,0,0,1,0,3,5.0,5.0,2.66,3.8,1077
2023-11-01,2023,11,Q4,Sharjah,2.877,3.069,2.981,78.39,3.86,1.96,5.4,8.4,6.33,53.3,110.6,105.9,133.7,120.7,0,0,1,0,3,5.0,5.0,2.57,1.8,419
2023-11-01,2023,11,Q4,Ajman,2.898,3.073,2.968,75.91,3.93,1.97,5.4,8.4,6.33,53.3,113.8,102.9,114.6,124.3,0,0,1,0,3,5.0,5.0,2.49,0.55,62
2023-11-01,2023,11,Q4,Ras Al Khaimah,2.892,3.095,2.958,78.96,4.13,1.8,5.4,8.4,6.33,53.3,110.3,104.6,114.8,122.2,0,0,1,0,3,5.0,5.0,2.5,0.42,47
2023-11-01,2023,11,Q4,Fujairah,2.873,3.069,2.972,75.99,3.85,1.92,5.4,8.4,6.33,53.3,111.3,101.0,111.3,123.9,0,0,1,0,3,5.0,5.0,2.54,0.26,22
2023-11-01,2023,11,Q4,Umm Al Quwain,2.87,3.099,2.98,77.65,3.77,1.78,5.4,8.4,6.33,53.3,110.7,106.0,110.1,121.3,0,0,1,0,3,5.0,5.0,2.65,0.09,13
2023-12-01,2023,12,Q4,Dubai,2.831,3.042,2.961,76.23,3.68,1.66,5.4,8.4,6.5,55.0,113.5,107.0,174.7,124.1,0,1,0,0,1,5.0,5.0,2.49,3.65,1915
2023-12-01,2023,12,Q4,Abu Dhabi,2.828,3.041,2.945,77.01,3.63,1.62,5.4,8.4,6.5,55.0,111.1,103.1,158.5,121.5,0,1,0,0,1,5.0,5.0,2.49,3.8,1094
2023-12-01,2023,12,Q4,Sharjah,2.819,3.022,2.961,76.38,3.42,1.58,5.4,8.4,6.5,55.0,111.7,104.1,135.6,120.6,0,1,0,0,1,5.0,5.0,2.61,1.8,426
2023-12-01,2023,12,Q4,Ajman,2.831,3.048,2.944,75.15,3.78,1.74,5.4,8.4,6.5,55.0,111.7,104.4,118.4,119.3,0,1,0,0,1,5.0,5.0,2.73,0.55,63
2023-12-01,2023,12,Q4,Ras Al Khaimah,2.816,3.026,2.936,75.56,3.61,1.54,5.4,8.4,6.5,55.0,113.3,103.2,117.3,119.3,0,1,0,0,1,5.0,5.0,2.72,0.42,47
2023-12-01,2023,12,Q4,Fujairah,2.821,3.021,2.957,78.59,3.79,1.58,5.4,8.4,6.5,55.0,109.7,106.3,112.7,121.5,0,1,0,0,1,5.0,5.0,2.75,0.26,22
2023-12-01,2023,12,Q4,Umm Al Quwain,2.819,3.024,2.964,77.72,3.41,1.74,5.4,8.4,6.5,55.0,110.2,106.6,111.3,119.2,0,1,0,0,1,5.0,5.0,2.51,0.09,13
2024-01-01,2024,1,Q1,Dubai,2.847,3.053,2.928,75.71,3.54,1.57,5.4,8.4,6.67,56.7,109.3,103.1,178.9,121.6,0,0,0,1,3,5.0,5.0,2.47,3.65,1976
2024-01-01,2024,1,Q1,Abu Dhabi,2.873,3.059,2.934,76.01,3.42,1.52,5.4,8.4,6.67,56.7,109.6,107.1,158.8,122.0,0,0,0,1,3,5.0,5.0,2.59,3.8,1129
2024-01-01,2024,1,Q1,Sharjah,2.883,3.056,2.941,74.94,3.64,1.57,5.4,8.4,6.67,56.7,114.8,107.8,137.2,119.3,0,0,0,1,3,5.0,5.0,2.58,1.8,439
2024-01-01,2024,1,Q1,Ajman,2.87,3.08,2.936,78.57,3.6,1.61,5.4,8.4,6.67,56.7,114.3,105.5,116.7,124.1,0,0,0,1,3,5.0,5.0,2.52,0.55,65
2024-01-01,2024,1,Q1,Ras Al Khaimah,2.863,3.049,2.908,75.63,3.53,1.5,5.4,8.4,6.67,56.7,112.2,107.0,116.7,119.7,0,0,0,1,3,5.0,5.0,2.53,0.42,49
2024-01-01,2024,1,Q1,Fujairah,2.85,3.047,2.945,76.92,3.43,1.5,5.4,8.4,6.67,56.7,111.5,105.8,114.8,119.4,0,0,0,1,3,5.0,5.0,2.65,0.26,23
2024-01-01,2024,1,Q1,Umm Al Quwain,2.846,3.049,2.913,77.34,3.8,1.56,5.4,8.4,6.67,56.7,114.0,108.0,114.6,123.9,0,0,0,1,3,5.0,5.0,2.65,0.09,14
2024-02-01,2024,2,Q1,Dubai,2.903,3.089,2.905,75.82,3.82,1.76,5.4,8.4,6.83,58.3,114.4,107.0,181.6,122.8,0,0,0,0,1,5.0,5.0,2.61,3.65,2037
2024-02-01,2024,2,Q1,Abu Dhabi,2.905,3.105,2.898,75.4,3.69,1.62,5.4,8.4,6.83,58.3,115.0,108.3,159.7,124.3,0,0,0,0,1,5.0,5.0,2.48,3.8,1164
2024-02-01,2024,2,Q1,Sharjah,2.905,3.112,2.905,76.23,3.8,1.61,5.4,8.4,6.83,58.3,111.2,103.8,139.7,123.4,0,0,0,0,1,5.0,5.0,2.51,1.8,453
2024-02-01,2024,2,Q1,Ajman,2.897,3.096,2.918,78.14,3.64,1.62,5.4,8.4,6.83,58.3,114.9,108.9,121.5,120.1,0,0,0,0,1,5.0,5.0,2.63,0.55,67
2024-02-01,2024,2,Q1,Ras Al Khaimah,2.887,3.105,2.89,74.51,3.83,1.52,5.4,8.4,6.83,58.3,114.9,104.0,119.7,121.5,0,0,0,0,1,5.0,5.0,2.54,0.42,50
2024-02-01,2024,2,Q1,Fujairah,2.899,3.117,2.891,75.53,3.73,1.61,5.4,8.4,6.83,58.3,112.6,103.7,117.8,121.8,0,0,0,0,1,5.0,5.0,2.62,0.26,24
2024-02-01,2024,2,Q1,Umm Al Quwain,2.903,3.104,2.887,76.53,3.56,1.7,5.4,8.4,6.83,58.3,111.9,107.9,115.0,120.0,0,0,0,0,1,5.0,5.0,2.64,0.09,14
2024-03-01,2024,3,Q1,Dubai,2.95,3.125,2.886,75.63,3.59,1.77,5.4,8.4,7.0,60.0,111.6,104.0,183.8,120.3,1,0,0,0,1,5.0,5.0,2.48,3.65,2097
2024-03-01,2024,3,Q1,Abu Dhabi,2.911,3.153,2.885,76.77,3.62,1.79,5.4,8.4,7.0,60.0,110.8,104.5,161.7,124.9,1,0,0,0,1,5.0,5.0,2.71,3.8,1198
2024-03-01,2024,3,Q1,Sharjah,2.91,3.122,2.866,77.81,3.72,1.77,5.4,8.4,7.0,60.0,109.9,105.6,143.1,124.5,1,0,0,0,1,5.0,5.0,2.72,1.8,467
2024-03-01,2024,3,Q1,Ajman,2.93,3.144,2.902,75.64,3.82,1.64,5.4,8.4,7.0,60.0,112.0,108.9,119.5,120.4,1,0,0,0,1,5.0,5.0,2.61,0.55,69
2024-03-01,2024,3,Q1,Ras Al Khaimah,2.938,3.128,2.885,76.94,3.76,1.56,5.4,8.4,7.0,60.0,111.1,109.5,121.6,125.4,1,0,0,0,1,5.0,5.0,2.62,0.42,52
2024-03-01,2024,3,Q1,Fujairah,2.941,3.144,2.886,77.28,3.52,1.82,5.4,8.4,7.0,60.0,110.8,105.6,116.5,123.7,1,0,0,0,1,5.0,5.0,2.6,0.26,24
2024-03-01,2024,3,Q1,Umm Al Quwain,2.915,3.156,2.878,75.32,3.83,1.78,5.4,8.4,7.0,60.0,112.8,104.6,115.3,120.2,1,0,0,0,1,5.0,5.0,2.52,0.09,14
2024-04-01,2024,4,Q2,Dubai,2.96,3.153,2.845,75.34,3.56,1.88,5.4,8.4,7.17,60.9,113.2,105.9,182.3,125.6,1,0,0,0,1,5.0,5.0,2.54,3.65,2158
2024-04-01,2024,4,Q2,Abu Dhabi,2.979,3.164,2.879,75.6,3.68,1.84,5.4,8.4,7.17,60.9,110.7,108.5,164.6,122.6,1,0,0,0,1,5.0,5.0,2.73,3.8,1233
2024-04-01,2024,4,Q2,Sharjah,2.983,3.162,2.855,74.48,3.7,1.74,5.4,8.4,7.17,60.9,111.7,107.4,142.0,124.5,1,0,0,0,1,5.0,5.0,2.6,1.8,480
2024-04-01,2024,4,Q2,Ajman,2.982,3.156,2.854,77.91,3.78,1.73,5.4,8.4,7.17,60.9,115.0,109.3,122.9,124.8,1,0,0,0,1,5.0,5.0,2.67,0.55,71
2024-04-01,2024,4,Q2,Ras Al Khaimah,2.944,3.155,2.859,75.74,3.61,1.71,5.4,8.4,7.17,60.9,115.6,109.8,121.9,120.3,1,0,0,0,1,5.0,5.0,2.75,0.42,53
2024-04-01,2024,4,Q2,Fujairah,2.977,3.156,2.861,75.63,3.81,1.84,5.4,8.4,7.17,60.9,109.7,110.3,121.0,124.5,1,0,0,0,1,5.0,5.0,2.55,0.26,25
2024-04-01,2024,4,Q2,Umm Al Quwain,2.962,3.183,2.879,75.22,3.61,1.84,5.4,8.4,7.17,60.9,115.3,110.2,118.5,120.7,1,0,0,0,1,5.0,5.0,2.6,0.09,15
2024-05-01,2024,5,Q2,Dubai,2.998,3.212,2.821,75.33,3.53,1.89,5.4,8.4,7.33,61.8,110.7,110.1,187.5,123.1,0,0,0,0,1,5.0,5.0,2.56,3.65,2219
2024-05-01,2024,5,Q2,Abu Dhabi,2.991,3.208,2.846,74.32,3.64,1.77,5.4,8.4,7.33,61.8,115.5,110.8,165.7,122.5,0,0,0,0,1,5.0,5.0,2.67,3.8,1268
2024-05-01,2024,5,Q2,Sharjah,3.003,3.194,2.833,75.25,3.73,1.85,5.4,8.4,7.33,61.8,111.3,108.4,144.4,121.1,0,0,0,0,1,5.0,5.0,2.55,1.8,494
2024-05-01,2024,5,Q2,Ajman,2.995,3.207,2.857,73.79,3.8,1.63,5.4,8.4,7.33,61.8,113.4,108.2,124.8,121.0,0,0,0,0,1,5.0,5.0,2.6,0.55,73
2024-05-01,2024,5,Q2,Ras Al Khaimah,3.0,3.217,2.824,75.26,3.57,1.73,5.4,8.4,7.33,61.8,112.1,109.5,122.6,119.8,0,0,0,0,1,5.0,5.0,2.62,0.42,55
2024-05-01,2024,5,Q2,Fujairah,2.986,3.21,2.828,76.47,3.69,1.73,5.4,8.4,7.33,61.8,114.9,107.7,121.1,123.4,0,0,0,0,1,5.0,5.0,2.64,0.26,26
2024-05-01,2024,5,Q2,Umm Al Quwain,3.012,3.195,2.819,73.98,3.62,1.7,5.4,8.4,7.33,61.8,115.1,109.4,121.5,120.0,0,0,0,0,1,5.0,5.0,2.62,0.09,15
2024-06-01,2024,6,Q2,Dubai,3.039,3.241,2.821,75.28,3.87,1.78,5.4,8.4,7.5,62.7,111.0,107.5,189.6,121.1,0,0,0,0,1,5.0,5.0,2.51,3.65,2280
2024-06-01,2024,6,Q2,Abu Dhabi,3.019,3.234,2.815,76.28,3.84,1.7,5.4,8.4,7.5,62.7,114.0,108.7,170.1,122.2,0,0,0,0,1,5.0,5.0,2.65,3.8,1303
2024-06-01,2024,6,Q2,Sharjah,3.044,3.234,2.811,74.18,3.82,1.74,5.4,8.4,7.5,62.7,111.6,108.1,146.5,123.5,0,0,0,0,1,5.0,5.0,2.75,1.8,507
2024-06-01,2024,6,Q2,Ajman,3.033,3.252,2.81,75.3,3.55,1.68,5.4,8.4,7.5,62.7,114.2,106.6,125.6,122.5,0,0,0,0,1,5.0,5.0,2.74,0.55,76
2024-06-01,2024,6,Q2,Ras Al Khaimah,3.012,3.235,2.814,76.58,3.82,1.76,5.4,8.4,7.5,62.7,115.6,109.3,124.9,120.4,0,0,0,0,1,5.0,5.0,2.69,0.42,57
2024-06-01,2024,6,Q2,Fujairah,3.047,3.253,2.812,75.73,3.5,1.72,5.4,8.4,7.5,62.7,113.5,106.0,120.8,123.3,0,0,0,0,1,5.0,5.0,2.55,0.26,27
2024-06-01,2024,6,Q2,Umm Al Quwain,3.044,3.229,2.828,77.06,3.52,1.95,5.4,8.4,7.5,62.7,111.7,110.3,121.6,123.8,0,0,0,0,1,5.0,5.0,2.74,0.09,16
2024-07-01,2024,7,Q3,Dubai,2.98,3.177,2.811,74.17,3.83,1.97,5.4,8.4,7.54,63.6,110.4,111.9,190.1,120.4,0,0,0,0,1,5.0,5.0,2.67,3.65,2341
2024-07-01,2024,7,Q3,Abu Dhabi,2.985,3.178,2.788,76.84,3.76,1.76,5.4,8.4,7.54,63.6,116.2,111.4,171.4,124.0,0,0,0,0,1,5.0,5.0,2.53,3.8,1338
2024-07-01,2024,7,Q3,Sharjah,2.968,3.201,2.803,76.67,3.8,1.78,5.4,8.4,7.54,63.6,110.8,108.5,148.7,122.1,0,0,0,0,1,5.0,5.0,2.54,1.8,521
2024-07-01,2024,7,Q3,Ajman,2.962,3.21,2.801,75.59,3.84,1.74,5.4,8.4,7.54,63.6,113.4,107.8,127.9,125.8,0,0,0,0,1,5.0,5.0,2.57,0.55,78
2024-07-01,2024,7,Q3,Ras Al Khaimah,2.993,3.181,2.774,75.83,3.82,1.88,5.4,8.4,7.54,63.6,115.6,107.8,125.4,122.5,0,0,0,0,1,5.0,5.0,2.58,0.42,58
2024-07-01,2024,7,Q3,Fujairah,2.964,3.201,2.775,76.02,3.62,1.96,5.4,8.4,7.54,63.6,114.5,111.5,124.9,125.4,0,0,0,0,1,5.0,5.0,2.65,0.26,27
2024-07-01,2024,7,Q3,Umm Al Quwain,2.962,3.197,2.811,77.21,3.77,1.98,5.4,8.4,7.54,63.6,113.0,108.7,123.4,124.4,0,0,0,0,1,5.0,5.0,2.8,0.09,16
2024-08-01,2024,8,Q3,Dubai,2.945,3.154,2.751,75.7,3.71,1.9,5.4,8.4,7.58,64.4,115.3,111.7,193.6,125.9,0,0,0,0,1,5.0,5.0,2.65,3.65,2402
2024-08-01,2024,8,Q3,Abu Dhabi,2.917,3.127,2.789,74.01,3.67,1.98,5.4,8.4,7.58,64.4,114.6,112.0,172.5,126.0,0,0,0,0,1,5.0,5.0,2.78,3.8,1372
2024-08-01,2024,8,Q3,Sharjah,2.938,3.154,2.776,73.52,3.72,1.92,5.4,8.4,7.58,64.4,110.9,108.1,149.6,124.1,0,0,0,0,1,5.0,5.0,2.81,1.8,534
2024-08-01,2024,8,Q3,Ajman,2.948,3.155,2.761,75.98,3.65,1.85,5.4,8.4,7.58,64.4,111.7,107.6,127.9,125.6,0,0,0,0,1,5.0,5.0,2.69,0.55,80
2024-08-01,2024,8,Q3,Ras Al Khaimah,2.951,3.142,2.781,74.13,3.88,1.83,5.4,8.4,7.58,64.4,113.2,109.8,129.0,124.6,0,0,0,0,1,5.0,5.0,2.66,0.42,60
2024-08-01,2024,8,Q3,Fujairah,2.921,3.159,2.758,75.55,3.65,1.9,5.4,8.4,7.58,64.4,110.9,109.3,125.6,124.0,0,0,0,0,1,5.0,5.0,2.69,0.26,28
2024-08-01,2024,8,Q3,Umm Al Quwain,2.935,3.129,2.765,73.36,3.8,1.91,5.4,8.4,7.58,64.4,115.3,112.1,126.4,121.6,0,0,0,0,1,5.0,5.0,2.78,0.09,17
2024-09-01,2024,9,Q3,Dubai,2.867,3.07,2.741,76.46,3.93,1.78,5.21,8.21,7.62,65.3,111.8,107.6,197.4,126.4,0,0,0,0,3,5.0,5.0,2.79,3.65,2463
2024-09-01,2024,9,Q3,Abu Dhabi,2.891,3.105,2.762,74.72,3.93,1.93,5.21,8.21,7.62,65.3,111.4,111.5,175.0,124.8,0,0,0,0,3,5.0,5.0,2.79,3.8,1407
2024-09-01,2024,9,Q3,Sharjah,2.878,3.091,2.758,74.81,3.9,1.82,5.21,8.21,7.62,65.3,113.7,109.9,151.8,122.7,0,0,0,0,3,5.0,5.0,2.66,1.8,548
2024-09-01,2024,9,Q3,Ajman,2.869,3.097,2.752,74.23,3.59,1.85,5.21,8.21,7.62,65.3,112.3,110.3,131.4,125.3,0,0,0,0,3,5.0,5.0,2.78,0.55,82
2024-09-01,2024,9,Q3,Ras Al Khaimah,2.875,3.106,2.762,74.29,3.92,1.8,5.21,8.21,7.62,65.3,115.6,108.2,130.2,122.6,0,0,0,0,3,5.0,5.0,2.72,0.42,61
2024-09-01,2024,9,Q3,Fujairah,2.895,3.088,2.764,76.74,3.81,1.82,5.21,8.21,7.62,65.3,115.9,110.5,127.9,124.5,0,0,0,0,3,5.0,5.0,2.8,0.26,29
2024-09-01,2024,9,Q3,Umm Al Quwain,2.873,3.077,2.744,74.34,3.66,2.03,5.21,8.21,7.62,65.3,114.0,112.0,126.2,121.9,0,0,0,0,3,5.0,5.0,2.82,0.09,17
2024-10-01,2024,10,Q4,Dubai,2.819,3.025,2.745,73.35,3.64,1.97,5.03,8.03,7.67,66.2,116.1,109.4,196.3,125.5,0,0,0,0,3,5.0,5.0,2.69,3.65,2524
2024-10-01,2024,10,Q4,Abu Dhabi,2.853,3.055,2.721,76.18,3.72,1.81,5.03,8.03,7.67,66.2,113.1,107.7,176.6,123.1,0,0,0,0,3,5.0,5.0,2.59,3.8,1442
2024-10-01,2024,10,Q4,Sharjah,2.832,3.038,2.742,76.32,3.66,1.94,5.03,8.03,7.67,66.2,114.2,110.9,155.4,122.4,0,0,0,0,3,5.0,5.0,2.66,1.8,561
2024-10-01,2024,10,Q4,Ajman,2.83,3.02,2.739,75.06,3.74,1.8,5.03,8.03,7.67,66.2,114.7,113.5,131.2,126.5,0,0,0,0,3,5.0,5.0,2.79,0.55,84
2024-10-01,2024,10,Q4,Ras Al Khaimah,2.826,3.037,2.707,76.46,3.66,1.83,5.03,8.03,7.67,66.2,113.6,108.9,130.8,124.8,0,0,0,0,3,5.0,5.0,2.65,0.42,63
2024-10-01,2024,10,Q4,Fujairah,2.855,3.042,2.732,74.43,3.72,2.03,5.03,8.03,7.67,66.2,111.4,108.4,127.8,123.5,0,0,0,0,3,5.0,5.0,2.55,0.26,30
2024-10-01,2024,10,Q4,Umm Al Quwain,2.852,3.035,2.736,75.46,3.75,2.06,5.03,8.03,7.67,66.2,111.3,112.6,129.3,123.3,0,0,0,0,3,5.0,5.0,2.66,0.09,18
2024-11-01,2024,11,Q4,Dubai,2.806,3.006,2.709,75.71,3.87,1.88,4.84,7.84,7.71,67.1,111.7,113.2,201.6,124.0,0,0,0,0,3,5.0,5.0,2.73,3.65,2585
2024-11-01,2024,11,Q4,Abu Dhabi,2.777,2.971,2.701,75.21,3.67,2.03,4.84,7.84,7.71,67.1,112.3,112.2,180.8,121.5,0,0,0,0,3,5.0,5.0,2.71,3.8,1477
2024-11-01,2024,11,Q4,Sharjah,2.807,2.995,2.702,75.8,3.73,2.07,4.84,7.84,7.71,67.1,113.9,113.9,158.4,125.3,0,0,0,0,3,5.0,5.0,2.56,1.8,575
2024-11-01,2024,11,Q4,Ajman,2.802,3.006,2.702,73.43,3.77,2.01,4.84,7.84,7.71,67.1,114.2,111.0,134.5,125.4,0,0,0,0,3,5.0,5.0,2.63,0.55,86
2024-11-01,2024,11,Q4,Ras Al Khaimah,2.781,2.977,2.715,76.19,3.86,1.86,4.84,7.84,7.71,67.1,115.5,110.2,134.2,121.7,0,0,0,0,3,5.0,5.0,2.77,0.42,64
2024-11-01,2024,11,Q4,Fujairah,2.799,3.0,2.708,75.07,3.63,1.82,4.84,7.84,7.71,67.1,115.8,112.7,132.1,122.2,0,0,0,0,3,5.0,5.0,2.63,0.26,30
2024-11-01,2024,11,Q4,Umm Al Quwain,2.789,2.979,2.688,72.51,3.66,1.88,4.84,7.84,7.71,67.1,116.0,109.6,129.3,126.8,0,0,0,0,3,5.0,5.0,2.66,0.09,18
2024-12-01,2024,12,Q4,Dubai,2.758,2.955,2.683,72.07,3.83,1.96,4.65,7.65,7.75,68.0,112.2,109.8,201.6,124.8,0,1,0,0,1,5.0,5.0,2.59,3.65,2646
2024-12-01,2024,12,Q4,Abu Dhabi,2.745,2.95,2.697,75.98,3.91,1.89,4.65,7.65,7.75,68.0,116.0,113.2,183.2,123.7,0,1,0,0,1,5.0,5.0,2.77,3.8,1512
2024-12-01,2024,12,Q4,Sharjah,2.754,2.937,2.693,73.18,3.87,2.07,4.65,7.65,7.75,68.0,111.6,112.2,159.3,123.2,0,1,0,0,1,5.0,5.0,2.58,1.8,589
2024-12-01,2024,12,Q4,Ajman,2.726,2.947,2.693,73.02,3.84,1.93,4.65,7.65,7.75,68.0,116.1,111.2,136.7,126.4,0,1,0,0,1,5.0,5.0,2.8,0.55,88
2024-12-01,2024,12,Q4,Ras Al Khaimah,2.735,2.925,2.679,75.44,3.72,2.03,4.65,7.65,7.75,68.0,117.0,108.8,133.9,124.3,0,1,0,0,1,5.0,5.0,2.58,0.42,66
2024-12-01,2024,12,Q4,Fujairah,2.741,2.929,2.689,73.65,3.86,2.05,4.65,7.65,7.75,68.0,116.1,109.5,130.4,124.3,0,1,0,0,1,5.0,5.0,2.74,0.26,31
2024-12-01,2024,12,Q4,Umm Al Quwain,2.746,2.936,2.663,72.33,3.64,2.01,4.65,7.65,7.75,68.0,113.9,111.9,132.6,123.2,0,1,0,0,1,5.0,5.0,2.64,0.09,18
2025-01-01,2025,1,Q1,Dubai,2.729,2.947,2.651,73.79,3.88,1.93,4.61,7.61,7.79,67.8,115.3,110.4,203.7,121.4,0,0,0,1,3,5.0,5.0,2.76,3.65,2719
2025-01-01,2025,1,Q1,Abu Dhabi,2.742,2.953,2.671,71.67,4.0,1.87,4.61,7.61,7.79,67.8,111.0,113.5,184.3,121.6,0,0,0,1,3,5.0,5.0,2.63,3.8,1554
2025-01-01,2025,1,Q1,Sharjah,2.749,2.923,2.683,72.97,3.98,1.89,4.61,7.61,7.79,67.8,112.8,111.3,161.6,122.0,0,0,0,1,3,5.0,5.0,2.55,1.8,605
2025-01-01,2025,1,Q1,Ajman,2.746,2.915,2.677,73.58,3.82,1.95,4.61,7.61,7.79,67.8,111.3,110.3,138.3,126.0,0,0,0,1,3,5.0,5.0,2.75,0.55,90
2025-01-01,2025,1,Q1,Ras Al Khaimah,2.739,2.933,2.655,71.85,3.67,1.97,4.61,7.61,7.79,67.8,113.5,113.7,137.2,121.2,0,0,0,1,3,5.0,5.0,2.62,0.42,67
2025-01-01,2025,1,Q1,Fujairah,2.729,2.953,2.667,73.3,3.7,2.11,4.61,7.61,7.79,67.8,115.0,113.7,132.5,123.2,0,0,0,1,3,5.0,5.0,2.59,0.26,32
2025-01-01,2025,1,Q1,Umm Al Quwain,2.728,2.925,2.669,73.17,3.75,1.91,4.61,7.61,7.79,67.8,115.0,112.3,131.1,124.3,0,0,0,1,3,5.0,5.0,2.71,0.09,19
2025-02-01,2025,2,Q1,Dubai,2.718,2.916,2.663,71.43,3.82,1.88,4.57,7.57,7.83,67.6,115.6,109.9,205.8,126.7,0,0,0,0,1,5.0,5.0,2.57,3.65,2792
2025-02-01,2025,2,Q1,Abu Dhabi,2.743,2.933,2.671,72.21,3.93,1.88,4.57,7.57,7.83,67.6,116.1,114.4,185.4,125.7,0,0,0,0,1,5.0,5.0,2.69,3.8,1596
2025-02-01,2025,2,Q1,Sharjah,2.72,2.913,2.66,72.23,3.92,2.03,4.57,7.57,7.83,67.6,115.5,110.0,160.7,122.4,0,0,0,0,1,5.0,5.0,2.58,1.8,621
2025-02-01,2025,2,Q1,Ajman,2.728,2.926,2.666,75.23,3.94,2.09,4.57,7.57,7.83,67.6,116.7,113.4,138.1,126.5,0,0,0,0,1,5.0,5.0,2.62,0.55,93
2025-02-01,2025,2,Q1,Ras Al Khaimah,2.714,2.912,2.658,71.53,4.09,2.16,4.57,7.57,7.83,67.6,115.6,111.8,138.1,121.3,0,0,0,0,1,5.0,5.0,2.64,0.42,69
2025-02-01,2025,2,Q1,Fujairah,2.726,2.924,2.657,72.61,4.1,2.07,4.57,7.57,7.83,67.6,113.3,112.9,132.5,126.1,0,0,0,0,1,5.0,5.0,2.63,0.26,33
2025-02-01,2025,2,Q1,Umm Al Quwain,2.736,2.937,2.676,72.49,3.74,2.14,4.57,7.57,7.83,67.6,113.9,115.3,133.2,126.0,0,0,0,0,1,5.0,5.0,2.84,0.09,19
2025-03-01,2025,3,Q1,Dubai,2.745,2.92,2.639,72.83,4.11,1.94,4.53,7.53,7.88,67.3,112.6,113.2,208.1,122.0,1,0,0,0,1,5.0,5.0,2.73,3.65,2866
2025-03-01,2025,3,Q1,Abu Dhabi,2.749,2.912,2.629,74.01,4.09,1.98,4.53,7.53,7.88,67.3,115.4,111.5,184.2,124.0,1,0,0,0,1,5.0,5.0,2.66,3.8,1638
2025-03-01,2025,3,Q1,Sharjah,2.722,2.914,2.645,74.96,4.1,2.11,4.53,7.53,7.88,67.3,115.0,114.3,161.9,124.0,1,0,0,0,1,5.0,5.0,2.71,1.8,638
2025-03-01,2025,3,Q1,Ajman,2.728,2.907,2.648,74.02,3.92,1.9,4.53,7.53,7.88,67.3,116.2,112.8,137.1,126.1,1,0,0,0,1,5.0,5.0,2.73,0.55,95
2025-03-01,2025,3,Q1,Ras Al Khaimah,2.719,2.917,2.635,72.0,4.09,2.07,4.53,7.53,7.88,67.3,113.0,115.4,138.2,123.6,1,0,0,0,1,5.0,5.0,2.78,0.42,71
2025-03-01,2025,3,Q1,Fujairah,2.748,2.922,2.656,72.79,3.83,2.02,4.53,7.53,7.88,67.3,113.9,114.5,136.7,122.1,1,0,0,0,1,5.0,5.0,2.73,0.26,34
2025-03-01,2025,3,Q1,Umm Al Quwain,2.718,2.921,2.654,74.85,4.08,2.16,4.53,7.53,7.88,67.3,114.3,114.2,133.8,120.8,1,0,0,0,1,5.0,5.0,2.64,0.09,20
2025-04-01,2025,4,Q2,Dubai,2.726,2.929,2.622,74.56,3.95,1.9,4.48,7.48,7.92,67.1,115.9,113.9,211.1,123.8,0,0,0,0,1,5.0,5.0,2.55,3.65,2940
2025-04-01,2025,4,Q2,Abu Dhabi,2.718,2.916,2.644,73.55,4.14,2.0,4.48,7.48,7.92,67.1,113.5,111.4,187.7,122.5,0,0,0,0,1,5.0,5.0,2.75,3.8,1680
2025-04-01,2025,4,Q2,Sharjah,2.726,2.916,2.652,71.35,4.06,1.98,4.48,7.48,7.92,67.1,110.9,116.0,164.4,122.2,0,0,0,0,1,5.0,5.0,2.66,1.8,654
2025-04-01,2025,4,Q2,Ajman,2.725,2.913,2.618,71.58,4.22,2.1,4.48,7.48,7.92,67.1,112.8,116.1,139.9,125.2,0,0,0,0,1,5.0,5.0,2.77,0.55,98
2025-04-01,2025,4,Q2,Ras Al Khaimah,2.707,2.905,2.642,72.81,4.06,1.96,4.48,7.48,7.92,67.1,110.9,110.3,139.6,121.5,0,0,0,0,1,5.0,5.0,2.73,0.42,73
2025-04-01,2025,4,Q2,Fujairah,2.715,2.916,2.623,72.41,4.0,2.12,4.48,7.48,7.92,67.1,115.9,111.3,135.4,125.2,0,0,0,0,1,5.0,5.0,2.56,0.26,35
2025-04-01,2025,4,Q2,Umm Al Quwain,2.731,2.925,2.642,73.37,3.89,2.09,4.48,7.48,7.92,67.1,114.4,114.7,136.6,126.5,0,0,0,0,1,5.0,5.0,2.58,0.09,21
2025-05-01,2025,5,Q2,Dubai,2.705,2.937,2.638,72.46,4.12,2.11,4.44,7.44,7.96,66.9,111.9,111.5,212.4,120.7,0,0,0,0,1,5.0,5.0,2.72,3.65,3013
2025-05-01,2025,5,Q2,Abu Dhabi,2.738,2.908,2.63,72.99,4.06,2.02,4.44,7.44,7.96,66.9,111.9,113.8,186.9,122.8,0,0,0,0,1,5.0,5.0,2.63,3.8,1722
2025-05-01,2025,5,Q2,Sharjah,2.724,2.928,2.612,71.75,4.17,2.15,4.44,7.44,7.96,66.9,112.5,115.8,164.2,125.1,0,0,0,0,1,5.0,5.0,2.6,1.8,670
2025-05-01,2025,5,Q2,Ajman,2.729,2.91,2.642,70.55,4.01,1.97,4.44,7.44,7.96,66.9,111.1,114.3,139.2,121.7,0,0,0,0,1,5.0,5.0,2.81,0.55,100
2025-05-01,2025,5,Q2,Ras Al Khaimah,2.712,2.903,2.608,73.62,4.18,2.06,4.44,7.44,7.96,66.9,111.8,111.1,140.7,121.0,0,0,0,0,1,5.0,5.0,2.64,0.42,75
2025-05-01,2025,5,Q2,Fujairah,2.716,2.906,2.628,73.71,4.09,1.9,4.44,7.44,7.96,66.9,112.5,111.4,134.7,126.1,0,0,0,0,1,5.0,5.0,2.71,0.26,35
2025-05-01,2025,5,Q2,Umm Al Quwain,2.717,2.905,2.645,71.33,4.19,2.15,4.44,7.44,7.96,66.9,110.7,112.2,136.3,123.6,0,0,0,0,1,5.0,5.0,2.61,0.09,21
2025-06-01,2025,6,Q2,Dubai,2.736,2.923,2.603,70.9,4.3,2.11,4.4,7.4,8.0,66.7,116.3,114.7,210.3,124.6,0,0,0,0,1,5.0,5.0,2.76,3.65,3087
2025-06-01,2025,6,Q2,Abu Dhabi,2.732,2.907,2.628,72.33,4.17,1.97,4.4,7.4,8.0,66.7,115.4,112.5,187.9,125.3,0,0,0,0,1,5.0,5.0,2.58,3.8,1764
2025-06-01,2025,6,Q2,Sharjah,2.718,2.91,2.606,73.27,4.28,1.97,4.4,7.4,8.0,66.7,116.2,116.1,167.0,122.7,0,0,0,0,1,5.0,5.0,2.67,1.8,687
2025-06-01,2025,6,Q2,Ajman,2.708,2.909,2.603,73.78,4.34,2.08,4.4,7.4,8.0,66.7,111.9,113.8,140.2,124.7,0,0,0,0,1,5.0,5.0,2.62,0.55,102
2025-06-01,2025,6,Q2,Ras Al Khaimah,2.706,2.914,2.613,73.76,4.29,1.9,4.4,7.4,8.0,66.7,113.3,114.7,142.1,125.8,0,0,0,0,1,5.0,5.0,2.81,0.42,77
2025-06-01,2025,6,Q2,Fujairah,2.716,2.932,2.624,71.05,4.24,1.95,4.4,7.4,8.0,66.7,115.4,113.3,137.2,125.7,0,0,0,0,1,5.0,5.0,2.64,0.26,36
2025-06-01,2025,6,Q2,Umm Al Quwain,2.723,2.902,2.622,71.98,4.07,2.03,4.4,7.4,8.0,66.7,111.4,114.0,138.2,123.2,0,0,0,0,1,5.0,5.0,2.66,0.09,22
2025-07-01,2025,7,Q3,Dubai,2.692,2.914,2.592,70.7,4.4,1.93,4.36,7.36,8.01,66.4,113.8,115.6,211.7,125.2,0,0,0,0,1,5.0,5.0,2.77,3.65,3160
2025-07-01,2025,7,Q3,Abu Dhabi,2.703,2.908,2.599,72.69,4.37,2.06,4.36,7.36,8.01,66.4,114.2,115.5,192.3,123.2,0,0,0,0,1,5.0,5.0,2.81,3.8,1806
2025-07-01,2025,7,Q3,Sharjah,2.714,2.91,2.613,72.23,4.1,1.91,4.36,7.36,8.01,66.4,115.1,116.1,166.6,126.0,0,0,0,0,1,5.0,5.0,2.61,1.8,703
2025-07-01,2025,7,Q3,Ajman,2.71,2.896,2.599,70.63,4.04,2.1,4.36,7.36,8.01,66.4,115.7,111.8,143.7,125.0,0,0,0,0,1,5.0,5.0,2.75,0.55,105
2025-07-01,2025,7,Q3,Ras Al Khaimah,2.711,2.888,2.609,71.07,4.05,2.18,4.36,7.36,8.01,66.4,115.5,113.8,141.2,121.6,0,0,0,0,1,5.0,5.0,2.71,0.42,79
2025-07-01,2025,7,Q3,Fujairah,2.692,2.899,2.607,72.63,4.38,2.11,4.36,7.36,8.01,66.4,112.5,116.4,137.1,125.8,0,0,0,0,1,5.0,5.0,2.58,0.26,37
2025-07-01,2025,7,Q3,Umm Al Quwain,2.687,2.878,2.616,70.08,4.01,1.98,4.36,7.36,8.01,66.4,115.0,115.0,136.5,124.6,0,0,0,0,1,5.0,5.0,2.84,0.09,22
2025-08-01,2025,8,Q3,Dubai,2.664,2.891,2.585,70.93,4.07,2.14,4.32,7.32,8.03,66.2,116.3,114.5,215.5,123.1,0,0,0,0,1,5.0,5.0,2.65,3.65,3234
2025-08-01,2025,8,Q3,Abu Dhabi,2.695,2.88,2.61,71.54,4.45,2.05,4.32,7.32,8.03,66.2,111.5,112.8,191.3,122.8,0,0,0,0,1,5.0,5.0,2.6,3.8,1848
2025-08-01,2025,8,Q3,Sharjah,2.699,2.869,2.593,70.24,4.31,1.95,4.32,7.32,8.03,66.2,116.0,114.7,167.1,124.6,0,0,0,0,1,5.0,5.0,2.63,1.8,719
2025-08-01,2025,8,Q3,Ajman,2.698,2.86,2.602,69.74,4.17,1.93,4.32,7.32,8.03,66.2,111.2,116.9,145.0,124.3,0,0,0,0,1,5.0,5.0,2.56,0.55,107
2025-08-01,2025,8,Q3,Ras Al Khaimah,2.699,2.885,2.582,69.83,4.28,2.2,4.32,7.32,8.03,66.2,114.4,113.4,142.0,121.7,0,0,0,0,1,5.0,5.0,2.65,0.42,80
2025-08-01,2025,8,Q3,Fujairah,2.684,2.86,2.609,72.07,4.35,2.05,4.32,7.32,8.03,66.2,112.6,114.2,138.5,123.0,0,0,0,0,1,5.0,5.0,2.66,0.26,38
2025-08-01,2025,8,Q3,Umm Al Quwain,2.695,2.884,2.576,70.07,4.23,1.98,4.32,7.32,8.03,66.2,111.4,112.9,137.9,124.9,0,0,0,0,1,5.0,5.0,2.69,0.09,23
2025-09-01,2025,9,Q3,Dubai,2.671,2.865,2.573,71.63,4.32,2.09,4.28,7.28,8.04,66.0,112.5,116.4,216.2,120.7,0,0,0,0,3,5.0,5.0,2.65,3.65,3307
2025-09-01,2025,9,Q3,Abu Dhabi,2.649,2.839,2.579,70.85,4.18,2.18,4.28,7.28,8.04,66.0,114.5,113.6,194.9,122.0,0,0,0,0,3,5.0,5.0,2.76,3.8,1890
2025-09-01,2025,9,Q3,Sharjah,2.67,2.837,2.563,69.27,4.23,2.15,4.28,7.28,8.04,66.0,116.1,113.4,170.1,120.4,0,0,0,0,3,5.0,5.0,2.63,1.8,736
2025-09-01,2025,9,Q3,Ajman,2.658,2.855,2.594,69.54,4.3,2.19,4.28,7.28,8.04,66.0,112.4,115.1,143.7,120.3,0,0,0,0,3,5.0,5.0,2.84,0.55,110
2025-09-01,2025,9,Q3,Ras Al Khaimah,2.665,2.835,2.565,72.92,4.25,1.95,4.28,7.28,8.04,66.0,110.3,116.9,143.4,121.3,0,0,0,0,3,5.0,5.0,2.71,0.42,82
2025-09-01,2025,9,Q3,Fujairah,2.64,2.852,2.586,70.25,4.48,2.06,4.28,7.28,8.04,66.0,112.1,115.7,141.7,123.9,0,0,0,0,3,5.0,5.0,2.58,0.26,39
2025-09-01,2025,9,Q3,Umm Al Quwain,2.668,2.862,2.592,72.08,4.13,2.04,4.28,7.28,8.04,66.0,113.6,112.3,138.1,125.8,0,0,0,0,3,5.0,5.0,2.7,0.09,23
2025-10-01,2025,10,Q4,Dubai,2.626,2.843,2.59,69.08,4.56,2.17,4.23,7.23,8.06,65.8,115.2,112.3,215.8,125.4,0,0,0,0,3,5.0,5.0,2.85,3.65,3381
2025-10-01,2025,10,Q4,Abu Dhabi,2.624,2.846,2.557,69.04,4.53,2.15,4.23,7.23,8.06,65.8,115.8,114.1,192.9,123.6,0,0,0,0,3,5.0,5.0,2.84,3.8,1932
2025-10-01,2025,10,Q4,Sharjah,2.643,2.822,2.581,69.84,4.48,2.09,4.23,7.23,8.06,65.8,113.6,112.3,168.7,124.4,0,0,0,0,3,5.0,5.0,2.81,1.8,752
2025-10-01,2025,10,Q4,Ajman,2.658,2.849,2.578,68.78,4.19,2.19,4.23,7.23,8.06,65.8,115.3,112.8,143.3,125.1,0,0,0,0,3,5.0,5.0,2.75,0.55,112
2025-10-01,2025,10,Q4,Ras Al Khaimah,2.645,2.833,2.56,69.24,4.28,1.98,4.23,7.23,8.06,65.8,114.3,117.5,143.3,120.3,0,0,0,0,3,5.0,5.0,2.82,0.42,84
2025-10-01,2025,10,Q4,Fujairah,2.638,2.821,2.567,72.44,4.3,2.15,4.23,7.23,8.06,65.8,116.1,113.2,141.8,122.9,0,0,0,0,3,5.0,5.0,2.77,0.26,40
2025-10-01,2025,10,Q4,Umm Al Quwain,2.626,2.851,2.56,71.95,4.27,2.2,4.23,7.23,8.06,65.8,113.6,116.8,140.2,125.6,0,0,0,0,3,5.0,5.0,2.8,0.09,24
2025-11-01,2025,11,Q4,Dubai,2.611,2.81,2.57,70.91,4.42,2.01,4.19,7.19,8.07,65.6,114.5,117.3,218.0,124.8,0,0,1,0,3,5.0,5.0,2.66,3.65,3454
2025-11-01,2025,11,Q4,Abu Dhabi,2.621,2.83,2.557,71.36,4.44,2.03,4.19,7.19,8.07,65.6,113.4,115.4,193.8,121.5,0,0,1,0,3,5.0,5.0,2.56,3.8,1974
2025-11-01,2025,11,Q4,Sharjah,2.634,2.802,2.574,71.42,4.51,2.24,4.19,7.19,8.07,65.6,115.7,114.6,170.2,123.3,0,0,1,0,3,5.0,5.0,2.8,1.8,769
2025-11-01,2025,11,Q4,Ajman,2.614,2.823,2.569,69.77,4.49,1.95,4.19,7.19,8.07,65.6,115.3,112.9,143.8,125.2,0,0,1,0,3,5.0,5.0,2.67,0.55,115
2025-11-01,2025,11,Q4,Ras Al Khaimah,2.621,2.819,2.566,68.71,4.59,2.02,4.19,7.19,8.07,65.6,111.2,112.9,144.0,124.4,0,0,1,0,3,5.0,5.0,2.81,0.42,86
2025-11-01,2025,11,Q4,Fujairah,2.636,2.821,2.56,68.59,4.27,2.0,4.19,7.19,8.07,65.6,110.1,117.7,141.8,122.3,0,0,1,0,3,5.0,5.0,2.59,0.26,41
2025-11-01,2025,11,Q4,Umm Al Quwain,2.601,2.793,2.546,69.37,4.28,1.94,4.19,7.19,8.07,65.6,112.3,112.8,142.7,122.7,0,0,1,0,3,5.0,5.0,2.6,0.09,24
2025-12-01,2025,12,Q4,Dubai,2.596,2.79,2.552,69.92,4.52,2.19,4.15,7.15,8.09,65.5,113.1,113.6,219.7,120.4,0,1,0,0,1,5.0,5.0,2.83,3.65,3528
2025-12-01,2025,12,Q4,Abu Dhabi,2.581,2.78,2.564,68.7,4.56,2.1,4.15,7.15,8.09,65.5,110.1,115.8,198.6,123.8,0,1,0,0,1,5.0,5.0,2.8,3.8,2016
2025-12-01,2025,12,Q4,Sharjah,2.608,2.801,2.539,70.24,4.42,2.21,4.15,7.15,8.09,65.5,115.9,114.3,171.9,124.6,0,1,0,0,1,5.0,5.0,2.61,1.8,785
2025-12-01,2025,12,Q4,Ajman,2.605,2.777,2.533,69.2,4.6,2.22,4.15,7.15,8.09,65.5,115.3,115.4,146.7,120.9,0,1,0,0,1,5.0,5.0,2.62,0.55,117
2025-12-01,2025,12,Q4,Ras Al Khaimah,2.608,2.779,2.541,69.97,4.7,2.08,4.15,7.15,8.09,65.5,112.4,115.2,145.1,122.0,0,1,0,0,1,5.0,5.0,2.71,0.42,88
2025-12-01,2025,12,Q4,Fujairah,2.605,2.775,2.531,69.1,4.35,2.06,4.15,7.15,8.09,65.5,115.5,114.7,142.5,125.2,0,1,0,0,1,5.0,5.0,2.61,0.26,42
2025-12-01,2025,12,Q4,Umm Al Quwain,2.599,2.796,2.543,69.02,4.65,2.1,4.15,7.15,8.09,65.5,114.7,111.9,141.0,121.7,0,1,0,0,1,5.0,5.0,2.57,0.09,25
2026-01-01,2026,1,Q1,Dubai,2.591,2.796,2.542,68.33,4.6,1.97,4.13,7.13,8.1,65.3,113.5,112.1,221.1,123.2,0,0,0,1,3,5.0,5.0,2.7,3.65,3591
2026-01-01,2026,1,Q1,Abu Dhabi,2.605,2.779,2.554,68.81,4.51,2.14,4.13,7.13,8.1,65.3,115.5,116.8,196.4,124.0,0,0,0,1,3,5.0,5.0,2.61,3.8,2052
2026-01-01,2026,1,Q1,Sharjah,2.601,2.816,2.568,70.01,4.53,1.94,4.13,7.13,8.1,65.3,115.2,115.6,174.6,121.9,0,0,0,1,3,5.0,5.0,2.78,1.8,799
2026-01-01,2026,1,Q1,Ajman,2.616,2.801,2.547,71.25,4.37,2.01,4.13,7.13,8.1,65.3,111.9,115.0,149.2,123.5,0,0,0,1,3,5.0,5.0,2.58,0.55,119
2026-01-01,2026,1,Q1,Ras Al Khaimah,2.59,2.783,2.539,69.29,4.38,2.15,4.13,7.13,8.1,65.3,111.4,113.3,147.4,121.8,0,0,0,1,3,5.0,5.0,2.56,0.42,89
2026-01-01,2026,1,Q1,Fujairah,2.592,2.802,2.569,70.0,4.61,1.99,4.13,7.13,8.1,65.3,113.6,117.5,142.7,124.5,0,0,0,1,3,5.0,5.0,2.64,0.26,42
2026-01-01,2026,1,Q1,Umm Al Quwain,2.601,2.811,2.554,71.46,4.51,1.99,4.13,7.13,8.1,65.3,115.8,114.3,142.6,120.0,0,0,0,1,3,5.0,5.0,2.85,0.09,25
2026-02-01,2026,2,Q1,Dubai,2.628,2.824,2.549,70.76,4.41,2.04,4.11,7.11,8.11,65.1,111.1,115.0,222.6,122.8,1,0,0,0,1,5.0,5.0,2.71,3.65,3654
2026-02-01,2026,2,Q1,Abu Dhabi,2.609,2.814,2.559,72.37,4.36,2.02,4.11,7.11,8.11,65.1,113.0,113.0,199.0,121.6,1,0,0,0,1,5.0,5.0,2.6,3.8,2088
2026-02-01,2026,2,Q1,Sharjah,2.621,2.793,2.567,71.37,4.52,1.99,4.11,7.11,8.11,65.1,111.2,112.3,175.0,124.7,1,0,0,0,1,5.0,5.0,2.69,1.8,813
2026-02-01,2026,2,Q1,Ajman,2.609,2.809,2.573,72.11,4.31,2.13,4.11,7.11,8.11,65.1,113.8,114.7,148.7,122.2,1,0,0,0,1,5.0,5.0,2.59,0.55,121
2026-02-01,2026,2,Q1,Ras Al Khaimah,2.626,2.807,2.568,68.79,4.63,2.04,4.11,7.11,8.11,65.1,110.2,117.0,145.7,121.8,1,0,0,0,1,5.0,5.0,2.63,0.42,91
2026-02-01,2026,2,Q1,Fujairah,2.597,2.786,2.543,71.96,4.48,2.11,4.11,7.11,8.11,65.1,113.4,115.0,144.1,124.0,1,0,0,0,1,5.0,5.0,2.7,0.26,43
2026-02-01,2026,2,Q1,Umm Al Quwain,2.601,2.819,2.55,69.85,4.64,2.12,4.11,7.11,8.11,65.1,112.8,117.0,142.5,120.1,1,0,0,0,1,5.0,5.0,2.81,0.09,26
2026-03-01,2026,3,Q1,Dubai,2.621,2.81,2.564,68.78,4.28,2.03,4.09,7.09,8.13,64.9,112.1,112.6,222.2,125.0,1,0,0,0,1,5.0,5.0,2.81,3.65,3717
2026-03-01,2026,3,Q1,Abu Dhabi,2.639,2.796,2.57,71.36,4.54,2.04,4.09,7.09,8.13,64.9,110.7,116.2,201.7,120.3,1,0,0,0,1,5.0,5.0,2.63,3.8,2124
2026-03-01,2026,3,Q1,Sharjah,2.628,2.832,2.553,70.89,4.45,1.97,4.09,7.09,8.13,64.9,112.6,116.9,173.2,122.2,1,0,0,0,1,5.0,5.0,2.58,1.8,827
2026-03-01,2026,3,Q1,Ajman,2.622,2.812,2.575,70.16,4.62,2.01,4.09,7.09,8.13,64.9,114.5,117.6,149.6,122.8,1,0,0,0,1,5.0,5.0,2.68,0.55,123
2026-03-01,2026,3,Q1,Ras Al Khaimah,2.632,2.796,2.587,71.97,4.6,1.97,4.09,7.09,8.13,64.9,109.7,115.7,149.0,121.2,1,0,0,0,1,5.0,5.0,2.75,0.42,92
2026-03-01,2026,3,Q1,Fujairah,2.63,2.82,2.57,71.17,4.4,1.96,4.09,7.09,8.13,64.9,110.3,118.1,146.5,123.6,1,0,0,0,1,5.0,5.0,2.61,0.26,44
2026-03-01,2026,3,Q1,Umm Al Quwain,2.64,2.806,2.579,71.43,4.6,2.0,4.09,7.09,8.13,64.9,115.5,117.2,144.1,124.2,1,0,0,0,1,5.0,5.0,2.77,0.09,26
2026-04-01,2026,4,Q2,Dubai,2.631,2.831,2.559,72.67,4.55,2.18,4.08,7.08,8.14,64.7,109.9,116.2,223.7,119.8,0,0,0,0,1,5.0,5.0,2.61,3.65,3780
2026-04-01,2026,4,Q2,Abu Dhabi,2.632,2.83,2.567,69.97,4.4,2.2,4.08,7.08,8.14,64.7,114.9,114.1,200.9,121.7,0,0,0,0,1,5.0,5.0,2.61,3.8,2160
2026-04-01,2026,4,Q2,Sharjah,2.613,2.83,2.57,71.01,4.4,2.17,4.08,7.08,8.14,64.7,112.0,117.6,174.5,123.8,0,0,0,0,1,5.0,5.0,2.84,1.8,841
2026-04-01,2026,4,Q2,Ajman,2.613,2.831,2.571,71.83,4.5,2.06,4.08,7.08,8.14,64.7,114.6,116.0,150.8,121.6,0,0,0,0,1,5.0,5.0,2.77,0.55,126
2026-04-01,2026,4,Q2,Ras Al Khaimah,2.649,2.825,2.559,69.02,4.34,2.03,4.08,7.08,8.14,64.7,115.1,117.8,150.2,123.0,0,0,0,0,1,5.0,5.0,2.66,0.42,94
2026-04-01,2026,4,Q2,Fujairah,2.611,2.802,2.571,69.41,4.49,1.98,4.08,7.08,8.14,64.7,110.8,116.7,145.6,124.9,0,0,0,0,1,5.0,5.0,2.66,0.26,45
2026-04-01,2026,4,Q2,Umm Al Quwain,2.649,2.831,2.564,72.31,4.36,2.15,4.08,7.08,8.14,64.7,114.3,117.0,143.9,120.1,0,0,0,0,1,5.0,5.0,2.68,0.09,27
2026-05-01,2026,5,Q2,Dubai,2.629,2.819,2.579,71.95,4.37,1.94,4.06,7.06,8.16,64.5,109.8,113.7,226.3,121.5,0,0,0,0,1,5.0,5.0,2.8,3.65,3843
2026-05-01,2026,5,Q2,Abu Dhabi,2.631,2.845,2.571,69.92,4.46,2.16,4.06,7.06,8.16,64.5,109.8,114.1,204.1,123.4,0,0,0,0,1,5.0,5.0,2.76,3.8,2196
2026-05-01,2026,5,Q2,Sharjah,2.629,2.819,2.582,70.81,4.33,1.9,4.06,7.06,8.16,64.5,115.2,116.1,175.5,120.8,0,0,0,0,1,5.0,5.0,2.73,1.8,855
2026-05-01,2026,5,Q2,Ajman,2.656,2.832,2.594,72.3,4.47,2.08,4.06,7.06,8.16,64.5,109.4,114.5,150.2,125.2,0,0,0,0,1,5.0,5.0,2.75,0.55,128
2026-05-01,2026,5,Q2,Ras Al Khaimah,2.624,2.843,2.568,70.27,4.33,2.0,4.06,7.06,8.16,64.5,114.3,114.0,152.0,125.1,0,0,0,0,1,5.0,5.0,2.75,0.42,96
2026-05-01,2026,5,Q2,Fujairah,2.641,2.819,2.565,69.7,4.37,2.02,4.06,7.06,8.16,64.5,113.6,118.4,146.3,121.7,0,0,0,0,1,5.0,5.0,2.72,0.26,45
2026-05-01,2026,5,Q2,Umm Al Quwain,2.638,2.829,2.573,73.08,4.26,2.06,4.06,7.06,8.16,64.5,109.9,113.8,144.1,120.1,0,0,0,0,1,5.0,5.0,2.79,0.09,27
2026-06-01,2026,6,Q2,Dubai,2.634,2.842,2.605,71.89,4.28,1.94,4.04,7.04,8.17,64.4,113.1,112.8,226.8,120.9,0,0,0,0,1,5.0,5.0,2.6,3.65,3906
2026-06-01,2026,6,Q2,Abu Dhabi,2.657,2.855,2.595,72.05,4.51,1.9,4.04,7.04,8.17,64.4,111.1,113.3,203.6,123.2,0,0,0,0,1,5.0,5.0,2.77,3.8,2232
2026-06-01,2026,6,Q2,Sharjah,2.657,2.835,2.588,71.96,4.56,2.15,4.04,7.04,8.17,64.4,109.9,116.4,177.8,122.4,0,0,0,0,1,5.0,5.0,2.83,1.8,869
2026-06-01,2026,6,Q2,Ajman,2.65,2.834,2.606,72.79,4.33,2.02,4.04,7.04,8.17,64.4,114.0,117.5,151.8,123.4,0,0,0,0,1,5.0,5.0,2.58,0.55,130
2026-06-01,2026,6,Q2,Ras Al Khaimah,2.629,2.849,2.591,71.78,4.35,1.92,4.04,7.04,8.17,64.4,111.5,118.4,151.5,123.5,0,0,0,0,1,5.0,5.0,2.8,0.42,97
2026-06-01,2026,6,Q2,Fujairah,2.655,2.829,2.582,70.49,4.54,2.04,4.04,7.04,8.17,64.4,109.4,118.4,149.5,120.3,0,0,0,0,1,5.0,5.0,2.81,0.26,46
2026-06-01,2026,6,Q2,Umm Al Quwain,2.627,2.822,2.576,71.99,4.47,2.04,4.04,7.04,8.17,64.4,111.6,115.1,144.9,121.1,0,0,0,0,1,5.0,5.0,2.72,0.09,27
2026-07-01,2026,7,Q3,Dubai,2.667,2.835,2.602,73.0,4.23,2.11,4.02,7.02,8.19,64.2,110.7,117.0,230.6,120.9,0,0,0,0,1,5.0,5.0,2.75,3.65,3969
2026-07-01,2026,7,Q3,Abu Dhabi,2.64,2.848,2.603,71.83,4.46,2.14,4.02,7.02,8.19,64.2,112.8,116.4,206.8,122.3,0,0,0,0,1,5.0,5.0,2.79,3.8,2268
2026-07-01,2026,7,Q3,Sharjah,2.638,2.845,2.588,71.8,4.41,2.07,4.02,7.02,8.19,64.2,114.2,116.0,177.9,121.0,0,0,0,0,1,5.0,5.0,2.78,1.8,883
2026-07-01,2026,7,Q3,Ajman,2.643,2.827,2.592,71.3,4.38,2.02,4.02,7.02,8.19,64.2,114.5,113.0,154.6,125.1,0,0,0,0,1,5.0,5.0,2.6,0.55,132
2026-07-01,2026,7,Q3,Ras Al Khaimah,2.65,2.854,2.578,71.33,4.23,2.03,4.02,7.02,8.19,64.2,114.4,118.3,152.3,119.9,0,0,0,0,1,5.0,5.0,2.66,0.42,99
2026-07-01,2026,7,Q3,Fujairah,2.642,2.829,2.576,73.26,4.47,2.05,4.02,7.02,8.19,64.2,110.1,113.4,148.1,122.5,0,0,0,0,1,5.0,5.0,2.59,0.26,47
2026-07-01,2026,7,Q3,Umm Al Quwain,2.671,2.847,2.59,71.75,4.29,2.03,4.02,7.02,8.19,64.2,114.0,118.3,148.5,122.8,0,0,0,0,1,5.0,5.0,2.6,0.09,28
2026-08-01,2026,8,Q3,Dubai,2.664,2.87,2.599,71.42,4.27,1.95,4.0,7.0,8.2,64.0,112.3,113.9,229.8,121.3,0,0,0,0,1,5.0,5.0,2.58,3.65,4032
2026-08-01,2026,8,Q3,Abu Dhabi,2.663,2.839,2.599,73.67,4.24,1.86,4.0,7.0,8.2,64.0,114.6,118.8,206.7,123.0,0,0,0,0,1,5.0,5.0,2.67,3.8,2304
2026-08-01,2026,8,Q3,Sharjah,2.663,2.859,2.617,70.76,4.55,1.95,4.0,7.0,8.2,64.0,111.7,116.0,178.2,120.1,0,0,0,0,1,5.0,5.0,2.68,1.8,897
2026-08-01,2026,8,Q3,Ajman,2.66,2.846,2.613,71.0,4.29,1.95,4.0,7.0,8.2,64.0,114.6,117.7,151.8,123.8,0,0,0,0,1,5.0,5.0,2.8,0.55,134
2026-08-01,2026,8,Q3,Ras Al Khaimah,2.643,2.868,2.616,73.33,4.53,2.03,4.0,7.0,8.2,64.0,114.1,114.7,153.0,119.6,0,0,0,0,1,5.0,5.0,2.62,0.42,100
2026-08-01,2026,8,Q3,Fujairah,2.646,2.841,2.612,70.69,4.55,1.95,4.0,7.0,8.2,64.0,114.8,115.0,147.9,123.6,0,0,0,0,1,5.0,5.0,2.76,0.26,48
2026-08-01,2026,8,Q3,Umm Al Quwain,2.679,2.866,2.62,73.8,4.51,1.94,4.0,7.0,8.2,64.0,111.7,115.0,149.0,122.7,0,0,0,0,1,5.0,5.0,2.66,0.09,28
