year,quarter,area,avg_sale_price_per_sqft_aed,avg_asking_price_aed,transaction_volume,price_qoq_change_pct,price_yoy_change_pct,avg_days_to_sell,rental_yield_pct
2015,Q1,Dubai Marina,1728.0,3021381.0,1325,1.24,0.09,119,6.29
2015,Q1,Downtown Dubai,2158.0,4117462.0,508,1.62,2.12,59,7.66
2015,Q1,Business Bay,1388.0,2427339.0,749,0.8,-2.49,172,5.63
2015,Q1,JVC,897.0,1668541.0,2165,0.85,-1.68,81,5.72
2015,Q1,Palm Jumeirah,3867.0,7303104.0,211,2.23,1.88,148,6.74
2015,Q1,JLT,1008.0,1784270.0,1368,-0.83,0.08,93,6.59
2015,Q1,DIFC,2718.0,5261017.0,1098,1.57,0.41,110,6.52
2015,Q1,Al Barsha,1237.0,2321151.0,1147,1.24,-0.17,125,5.53
2015,Q1,Mirdif,807.0,1474877.0,638,-0.28,0.4,45,6.63
2015,Q1,Dubai Hills Estate,1789.0,3322217.0,2231,2.9,-1.89,63,5.74
2015,Q1,Town Square,846.0,1599277.0,875,3.88,1.96,106,5.72
2015,Q1,Dubai Creek Harbour,1478.0,2501403.0,118,1.09,-0.82,140,5.85
2015,Q1,Arabian Ranches,1194.0,2080327.0,488,0.98,2.98,90,5.7
2015,Q1,Emaar Beachfront,2105.0,3298917.0,2368,-0.25,2.05,148,6.23
2015,Q1,Sports City,749.0,1412731.0,2403,1.14,-4.99,82,5.55
2015,Q2,Dubai Marina,1581.0,2752128.0,622,2.21,-0.29,108,6.34
2015,Q2,Downtown Dubai,2160.0,4091583.0,1672,2.48,-6.16,95,5.7
2015,Q2,Business Bay,1434.0,2677285.0,2058,0.16,-1.22,68,6.07
2015,Q2,JVC,907.0,1710289.0,1852,1.22,1.38,127,5.68
2015,Q2,Palm Jumeirah,3817.0,7588341.0,1922,0.97,3.02,98,6.42
2015,Q2,JLT,987.0,1969123.0,2311,3.55,1.15,32,6.08
2015,Q2,DIFC,2722.0,4752997.0,917,0.88,2.62,139,6.37
2015,Q2,Al Barsha,1226.0,2213396.0,444,1.43,-3.44,88,6.92
2015,Q2,Mirdif,796.0,1407360.0,968,0.34,2.72,93,5.89
2015,Q2,Dubai Hills Estate,1721.0,3347771.0,1351,2.01,-0.82,152,6.92
2015,Q2,Town Square,903.0,1640920.0,1115,2.89,-3.56,158,6.85
2015,Q2,Dubai Creek Harbour,1422.0,2408491.0,2163,5.0,1.49,118,6.1
2015,Q2,Arabian Ranches,1243.0,2218439.0,1560,0.1,0.48,167,6.69
2015,Q2,Emaar Beachfront,2021.0,3597778.0,2402,4.39,-3.22,38,7.39
2015,Q2,Sports City,777.0,1363765.0,2235,4.53,-1.14,87,5.22
2015,Q3,Dubai Marina,1638.0,2898217.0,659,1.93,0.51,155,6.12
2015,Q3,Downtown Dubai,2271.0,3890205.0,52,3.02,1.3,150,6.15
2015,Q3,Business Bay,1291.0,2693463.0,1224,0.82,0.85,170,6.5
2015,Q3,JVC,857.0,1510352.0,1603,1.05,3.73,177,6.68
2015,Q3,Palm Jumeirah,3734.0,7190905.0,1649,-2.91,0.78,113,6.35
2015,Q3,JLT,1003.0,1913799.0,1560,0.74,-1.52,129,6.09
2015,Q3,DIFC,2871.0,4915084.0,2173,2.26,-2.2,174,6.21
2015,Q3,Al Barsha,1196.0,2131684.0,692,-0.09,-1.17,138,6.6
2015,Q3,Mirdif,823.0,1373335.0,2209,2.61,-0.1,172,6.23
2015,Q3,Dubai Hills Estate,1846.0,3192679.0,2102,2.85,1.47,136,6.86
2015,Q3,Town Square,901.0,1494531.0,2191,-0.91,1.04,110,6.77
2015,Q3,Dubai Creek Harbour,1487.0,2350688.0,1622,2.51,-1.04,88,6.41
2015,Q3,Arabian Ranches,1286.0,2154807.0,51,2.42,-0.52,105,6.18
2015,Q3,Emaar Beachfront,2017.0,3497696.0,1436,-0.31,-1.52,74,5.82
2015,Q3,Sports City,740.0,1198674.0,961,-0.89,3.69,37,6.76
2015,Q4,Dubai Marina,1615.0,3163438.0,160,1.21,2.77,118,5.56
2015,Q4,Downtown Dubai,2230.0,3836496.0,339,2.59,2.1,140,6.54
2015,Q4,Business Bay,1355.0,2474820.0,2181,4.24,-1.3,50,6.67
2015,Q4,JVC,916.0,1484389.0,1703,0.28,-2.23,91,6.0
2015,Q4,Palm Jumeirah,4014.0,7585442.0,839,-0.18,-0.43,128,5.85
2015,Q4,JLT,1012.0,1822018.0,1838,1.16,-3.96,91,5.72
2015,Q4,DIFC,2808.0,5080706.0,137,0.36,2.74,138,5.2
2015,Q4,Al Barsha,1264.0,2150892.0,536,0.9,0.02,107,5.82
2015,Q4,Mirdif,793.0,1578577.0,341,0.52,-0.36,178,6.82
2015,Q4,Dubai Hills Estate,1740.0,3297721.0,1974,1.37,-0.61,126,5.49
2015,Q4,Town Square,911.0,1614459.0,1431,1.74,3.01,112,6.29
2015,Q4,Dubai Creek Harbour,1392.0,2634370.0,1943,2.23,0.72,37,6.71
2015,Q4,Arabian Ranches,1176.0,2197915.0,148,-0.31,3.28,39,5.26
2015,Q4,Emaar Beachfront,2078.0,3751511.0,1286,2.2,-1.14,38,6.67
2015,Q4,Sports City,725.0,1316581.0,969,1.21,1.04,44,5.76
2016,Q1,Dubai Marina,1555.0,2689914.0,2071,-0.14,1.17,58,5.63
2016,Q1,Downtown Dubai,2084.0,3508709.0,449,-1.44,-4.29,135,5.69
2016,Q1,Business Bay,1404.0,2470967.0,252,2.88,-2.96,173,6.09
2016,Q1,JVC,843.0,1465745.0,2261,-0.93,-2.93,99,5.36
2016,Q1,Palm Jumeirah,3983.0,6876684.0,2426,-1.37,-0.71,180,5.66
2016,Q1,JLT,972.0,1688672.0,479,3.97,0.51,81,6.63
2016,Q1,DIFC,2662.0,4569316.0,1166,0.28,-0.31,108,5.15
2016,Q1,Al Barsha,1161.0,2049526.0,2020,1.91,2.11,80,5.41
2016,Q1,Mirdif,768.0,1370942.0,2010,3.02,0.9,31,5.6
2016,Q1,Dubai Hills Estate,1686.0,2928999.0,1640,0.12,2.09,30,7.39
2016,Q1,Town Square,860.0,1584925.0,1716,3.05,-0.3,108,5.89
2016,Q1,Dubai Creek Harbour,1302.0,2203171.0,516,0.83,-4.15,143,6.68
2016,Q1,Arabian Ranches,1149.0,2053536.0,1345,0.74,-0.02,92,5.25
2016,Q1,Emaar Beachfront,1899.0,3540026.0,237,0.19,1.41,52,7.4
2016,Q1,Sports City,706.0,1213273.0,1937,1.05,2.31,110,6.33
2016,Q2,Dubai Marina,1443.0,2747369.0,821,1.43,-5.36,62,6.15
2016,Q2,Downtown Dubai,2005.0,3685762.0,300,0.09,-0.63,121,5.91
2016,Q2,Business Bay,1334.0,2410634.0,1772,-1.07,1.43,180,6.19
2016,Q2,JVC,834.0,1654811.0,1851,0.75,-2.2,84,6.46
2016,Q2,Palm Jumeirah,3996.0,6953889.0,113,-1.83,-1.23,32,6.66
2016,Q2,JLT,930.0,1713219.0,604,0.29,-2.77,105,6.33
2016,Q2,DIFC,2620.0,4498582.0,68,1.74,0.29,106,6.28
2016,Q2,Al Barsha,1101.0,2083795.0,566,1.17,1.62,110,5.7
2016,Q2,Mirdif,719.0,1383712.0,449,1.42,-0.81,104,4.82
2016,Q2,Dubai Hills Estate,1784.0,3023639.0,878,2.59,1.45,112,6.22
2016,Q2,Town Square,852.0,1495432.0,641,1.61,1.0,124,6.14
2016,Q2,Dubai Creek Harbour,1300.0,2395193.0,512,3.62,1.41,148,5.6
2016,Q2,Arabian Ranches,1100.0,2057096.0,2096,-0.51,-0.92,109,5.89
2016,Q2,Emaar Beachfront,1932.0,3460742.0,945,0.27,0.07,35,6.51
2016,Q2,Sports City,686.0,1256497.0,1427,0.73,-4.45,169,5.41
2016,Q3,Dubai Marina,1519.0,2897004.0,329,-1.76,3.25,67,5.4
2016,Q3,Downtown Dubai,2061.0,3697862.0,2159,2.23,0.69,172,5.83
2016,Q3,Business Bay,1316.0,2220932.0,1602,2.42,-0.93,39,5.96
2016,Q3,JVC,805.0,1586036.0,1693,1.03,-2.23,36,6.34
2016,Q3,Palm Jumeirah,4108.0,6984687.0,685,2.14,-3.27,145,6.31
2016,Q3,JLT,945.0,1701636.0,2390,2.18,1.73,76,6.45
2016,Q3,DIFC,2687.0,5091994.0,208,1.39,-2.06,38,5.9
2016,Q3,Al Barsha,1161.0,1921125.0,1160,0.79,-0.49,121,5.92
2016,Q3,Mirdif,751.0,1415788.0,2218,1.43,-2.54,37,6.44
2016,Q3,Dubai Hills Estate,1683.0,2827479.0,594,2.29,1.01,179,6.25
2016,Q3,Town Square,873.0,1613081.0,163,2.33,1.35,91,6.72
2016,Q3,Dubai Creek Harbour,1349.0,2537977.0,1444,2.06,-0.83,60,6.01
2016,Q3,Arabian Ranches,1156.0,1853172.0,1824,-1.0,-0.66,86,6.19
2016,Q3,Emaar Beachfront,1833.0,3414728.0,540,-1.79,-2.19,105,6.14
2016,Q3,Sports City,738.0,1286628.0,1856,1.19,-2.23,45,6.16
2016,Q4,Dubai Marina,1494.0,2609287.0,649,0.48,-1.73,77,6.2
2016,Q4,Downtown Dubai,2118.0,3625585.0,641,1.93,-1.46,143,6.24
2016,Q4,Business Bay,1342.0,2416469.0,503,-1.54,-0.21,62,6.32
2016,Q4,JVC,841.0,1617972.0,1592,1.04,-1.28,85,5.49
2016,Q4,Palm Jumeirah,3705.0,6172363.0,936,1.54,-1.62,112,5.51
2016,Q4,JLT,982.0,1624786.0,764,-0.09,1.05,174,5.76
2016,Q4,DIFC,2698.0,4748243.0,134,1.0,0.82,92,6.23
2016,Q4,Al Barsha,1219.0,1870420.0,1732,1.11,-1.87,138,5.88
2016,Q4,Mirdif,765.0,1408502.0,576,1.19,0.09,124,6.03
2016,Q4,Dubai Hills Estate,1713.0,3323222.0,2470,2.0,-3.06,88,5.87
2016,Q4,Town Square,900.0,1507901.0,1988,-0.61,-1.25,39,6.46
2016,Q4,Dubai Creek Harbour,1381.0,2495362.0,1015,2.46,-1.52,46,6.55
2016,Q4,Arabian Ranches,1084.0,1780483.0,2440,1.68,0.02,33,6.62
2016,Q4,Emaar Beachfront,1842.0,3369686.0,1295,3.26,0.77,117,5.84
2016,Q4,Sports City,720.0,1240898.0,1910,0.83,1.46,32,6.56
2017,Q1,Dubai Marina,1475.0,2665757.0,343,1.75,0.05,84,5.42
2017,Q1,Downtown Dubai,2090.0,3575535.0,1864,1.24,3.95,50,5.48
2017,Q1,Business Bay,1255.0,2371027.0,688,-0.41,0.54,131,6.11
2017,Q1,JVC,831.0,1447788.0,1187,3.29,0.03,115,5.17
2017,Q1,Palm Jumeirah,3652.0,6209796.0,2006,-3.01,-0.23,72,5.31
2017,Q1,JLT,903.0,1683558.0,1481,3.96,-1.12,164,5.26
2017,Q1,DIFC,2499.0,4084701.0,1395,0.2,0.41,173,5.65
2017,Q1,Al Barsha,1080.0,1992450.0,822,0.15,0.15,138,6.07
2017,Q1,Mirdif,734.0,1398879.0,1691,0.65,-5.75,34,6.27
2017,Q1,Dubai Hills Estate,1704.0,3235371.0,1334,0.62,-0.6,73,6.08
2017,Q1,Town Square,810.0,1486239.0,1836,1.6,-4.33,137,5.63
2017,Q1,Dubai Creek Harbour,1215.0,2155310.0,1114,0.85,0.33,120,5.76
2017,Q1,Arabian Ranches,1106.0,1936483.0,1716,1.89,-0.41,84,6.05
2017,Q1,Emaar Beachfront,1900.0,3390394.0,2320,1.28,-1.81,171,5.85
2017,Q1,Sports City,707.0,1221146.0,2113,2.78,-2.97,116,5.97
2017,Q2,Dubai Marina,1509.0,2919847.0,1906,-1.88,-2.66,120,5.34
2017,Q2,Downtown Dubai,1945.0,3715394.0,1990,0.96,-1.41,94,6.57
2017,Q2,Business Bay,1313.0,2344449.0,1188,3.0,-2.56,91,6.75
2017,Q2,JVC,790.0,1551143.0,660,1.58,2.78,144,6.43
2017,Q2,Palm Jumeirah,3690.0,5892901.0,2499,0.94,-4.28,158,6.79
2017,Q2,JLT,914.0,1731372.0,2246,-0.07,-1.15,148,5.52
2017,Q2,DIFC,2578.0,4333174.0,2448,1.01,1.98,94,6.23
2017,Q2,Al Barsha,1080.0,2040459.0,185,1.98,1.17,130,5.59
2017,Q2,Mirdif,719.0,1371075.0,962,1.27,-2.46,67,6.33
2017,Q2,Dubai Hills Estate,1705.0,2731954.0,1308,1.36,-0.1,156,5.6
2017,Q2,Town Square,834.0,1527422.0,2225,1.7,-1.85,83,5.79
2017,Q2,Dubai Creek Harbour,1279.0,2288216.0,1770,1.52,0.75,126,6.23
2017,Q2,Arabian Ranches,1051.0,1763688.0,2417,1.72,0.87,126,6.54
2017,Q2,Emaar Beachfront,1857.0,3244264.0,990,-0.3,-3.51,160,5.74
2017,Q2,Sports City,680.0,1221716.0,2240,0.76,-0.95,69,6.42
2017,Q3,Dubai Marina,1490.0,2555359.0,2056,0.42,-1.48,64,6.62
2017,Q3,Downtown Dubai,1954.0,3883690.0,2406,2.73,-0.56,113,5.66
2017,Q3,Business Bay,1251.0,2287032.0,1410,-3.11,-2.25,89,6.23
2017,Q3,JVC,865.0,1567786.0,121,-1.4,-1.84,106,6.35
2017,Q3,Palm Jumeirah,3643.0,6689156.0,2386,-0.38,1.7,156,5.41
2017,Q3,JLT,965.0,1697832.0,1553,0.77,1.81,103,5.57
2017,Q3,DIFC,2689.0,4460896.0,1342,3.67,2.57,147,6.0
2017,Q3,Al Barsha,1146.0,1874548.0,1939,0.41,-2.0,90,5.95
2017,Q3,Mirdif,745.0,1363597.0,1763,0.16,-0.22,180,4.86
2017,Q3,Dubai Hills Estate,1666.0,2782204.0,1989,-0.78,-1.75,172,5.46
2017,Q3,Town Square,818.0,1489662.0,439,1.6,-1.0,177,6.45
2017,Q3,Dubai Creek Harbour,1285.0,2190544.0,766,1.26,-0.52,64,5.01
2017,Q3,Arabian Ranches,1093.0,1964205.0,2438,0.99,-1.27,146,6.24
2017,Q3,Emaar Beachfront,1834.0,3257152.0,1549,0.88,-0.21,46,5.21
2017,Q3,Sports City,691.0,1257008.0,1903,-0.24,0.9,48,5.48
2017,Q4,Dubai Marina,1521.0,2581193.0,2333,0.25,0.2,144,5.55
2017,Q4,Downtown Dubai,2071.0,3461835.0,1048,-0.05,0.9,150,4.93
2017,Q4,Business Bay,1334.0,2543775.0,400,-1.26,3.03,109,5.94
2017,Q4,JVC,808.0,1440431.0,288,0.97,-5.09,171,6.69
2017,Q4,Palm Jumeirah,3699.0,6433159.0,1154,2.29,-1.55,58,5.43
2017,Q4,JLT,932.0,1773730.0,1724,-1.07,2.51,117,6.11
2017,Q4,DIFC,2480.0,4881735.0,1738,0.87,-0.97,121,6.54
2017,Q4,Al Barsha,1088.0,1854050.0,617,0.73,0.48,147,5.65
2017,Q4,Mirdif,737.0,1310864.0,1071,-1.34,-0.51,93,6.53
2017,Q4,Dubai Hills Estate,1592.0,3073178.0,895,-2.63,-2.53,139,4.62
2017,Q4,Town Square,856.0,1420360.0,219,0.55,2.57,30,7.01
2017,Q4,Dubai Creek Harbour,1266.0,2407644.0,2421,-0.75,0.08,59,6.52
2017,Q4,Arabian Ranches,1035.0,1965956.0,773,1.43,-1.18,141,6.42
2017,Q4,Emaar Beachfront,1813.0,3411582.0,1113,-0.07,4.79,47,5.28
2017,Q4,Sports City,665.0,1250375.0,2427,0.81,-0.34,49,5.79
2018,Q1,Dubai Marina,1494.0,2549986.0,664,2.29,-0.12,79,6.64
2018,Q1,Downtown Dubai,2005.0,3715773.0,1178,-1.83,-0.61,67,6.65
2018,Q1,Business Bay,1259.0,2274570.0,530,1.72,3.53,53,4.69
2018,Q1,JVC,824.0,1523354.0,611,-0.84,-0.21,84,5.8
2018,Q1,Palm Jumeirah,3736.0,6379573.0,312,1.14,-0.72,162,5.59
2018,Q1,JLT,907.0,1577562.0,2218,2.27,-1.46,108,5.76
2018,Q1,DIFC,2565.0,4223235.0,442,-2.84,-0.45,72,5.62
2018,Q1,Al Barsha,1091.0,2004997.0,2156,-1.61,-1.43,81,6.12
2018,Q1,Mirdif,724.0,1303546.0,1733,3.49,-0.44,111,5.19
2018,Q1,Dubai Hills Estate,1587.0,2730232.0,1995,2.22,-0.64,59,5.8
2018,Q1,Town Square,798.0,1533192.0,1689,3.22,-0.98,139,5.71
2018,Q1,Dubai Creek Harbour,1279.0,2285599.0,1493,2.14,-2.71,143,7.16
2018,Q1,Arabian Ranches,1068.0,1886495.0,2339,-0.95,-0.18,155,5.7
2018,Q1,Emaar Beachfront,1821.0,3417800.0,856,0.7,-0.41,75,6.25
2018,Q1,Sports City,668.0,1131113.0,1734,0.93,-1.81,179,5.68
2018,Q2,Dubai Marina,1454.0,2679005.0,1551,0.96,-4.36,79,5.3
2018,Q2,Downtown Dubai,1942.0,3426689.0,238,0.0,-0.41,38,6.0
2018,Q2,Business Bay,1292.0,2309793.0,1429,-2.35,-0.23,145,6.28
2018,Q2,JVC,823.0,1510911.0,604,1.65,-1.78,75,6.3
2018,Q2,Palm Jumeirah,3814.0,6758289.0,2346,2.48,1.17,38,5.28
2018,Q2,JLT,917.0,1719635.0,2009,-0.39,0.98,170,5.75
2018,Q2,DIFC,2539.0,4705082.0,2017,-2.54,-1.68,105,4.97
2018,Q2,Al Barsha,1033.0,1881103.0,656,0.29,-1.73,114,5.92
2018,Q2,Mirdif,714.0,1285677.0,1617,1.11,-1.82,138,5.71
2018,Q2,Dubai Hills Estate,1659.0,2879434.0,2139,1.43,-6.47,58,5.86
2018,Q2,Town Square,786.0,1417223.0,1845,-1.96,-1.22,160,5.96
2018,Q2,Dubai Creek Harbour,1239.0,2371352.0,1287,2.19,-3.43,140,6.36
2018,Q2,Arabian Ranches,1046.0,1871948.0,404,2.47,0.32,153,5.93
2018,Q2,Emaar Beachfront,1673.0,3481545.0,1017,-2.65,1.69,93,5.35
2018,Q2,Sports City,697.0,1203268.0,1322,-0.91,0.26,110,5.55
2018,Q3,Dubai Marina,1468.0,2601446.0,1769,2.18,-1.69,71,5.79
2018,Q3,Downtown Dubai,1993.0,3476732.0,263,0.33,-1.08,70,6.02
2018,Q3,Business Bay,1290.0,2304356.0,2408,0.53,-1.03,144,5.79
2018,Q3,JVC,785.0,1614020.0,522,3.63,-1.61,112,5.8
2018,Q3,Palm Jumeirah,3556.0,6523917.0,1405,-2.86,1.79,151,6.31
2018,Q3,JLT,877.0,1599362.0,2023,-1.66,-1.31,127,5.49
2018,Q3,DIFC,2503.0,4737365.0,928,0.55,-2.09,146,6.7
2018,Q3,Al Barsha,1070.0,1871353.0,477,2.85,-3.19,121,5.7
2018,Q3,Mirdif,728.0,1347600.0,2126,1.73,0.47,121,6.12
2018,Q3,Dubai Hills Estate,1691.0,2974131.0,930,-2.99,-0.58,164,5.25
2018,Q3,Town Square,789.0,1559392.0,614,-1.37,-1.17,47,5.33
2018,Q3,Dubai Creek Harbour,1292.0,2424567.0,380,3.55,3.57,115,6.09
2018,Q3,Arabian Ranches,1043.0,1854508.0,546,2.13,2.09,154,6.49
2018,Q3,Emaar Beachfront,1805.0,3320514.0,1209,0.63,-4.94,34,6.34
2018,Q3,Sports City,676.0,1148340.0,924,1.18,-0.84,170,5.94
2018,Q4,Dubai Marina,1410.0,2644408.0,1265,0.73,-2.74,88,6.07
2018,Q4,Downtown Dubai,1930.0,3970036.0,2278,1.39,0.45,53,5.88
2018,Q4,Business Bay,1220.0,2016254.0,2288,1.37,-1.55,89,5.76
2018,Q4,JVC,830.0,1433292.0,462,-1.34,-1.68,59,5.61
2018,Q4,Palm Jumeirah,3420.0,7258755.0,1214,-1.07,-3.21,174,5.92
2018,Q4,JLT,889.0,1651533.0,98,-0.28,-2.09,140,6.21
2018,Q4,DIFC,2419.0,4745724.0,1981,-0.2,-4.06,81,6.23
2018,Q4,Al Barsha,1090.0,1877572.0,2424,-0.53,0.81,31,6.01
2018,Q4,Mirdif,747.0,1297280.0,195,3.42,0.68,44,5.86
2018,Q4,Dubai Hills Estate,1691.0,2948923.0,960,0.07,-0.75,115,4.39
2018,Q4,Town Square,819.0,1456524.0,505,-0.25,-2.32,125,6.5
2018,Q4,Dubai Creek Harbour,1297.0,2427842.0,2122,-0.1,-0.84,59,5.35
2018,Q4,Arabian Ranches,1088.0,1893126.0,1108,1.06,-1.95,36,5.85
2018,Q4,Emaar Beachfront,1762.0,3311515.0,1247,-0.71,-2.92,135,6.24
2018,Q4,Sports City,666.0,1183904.0,1234,0.8,0.06,136,5.81
2019,Q1,Dubai Marina,1405.0,2526197.0,218,-0.7,-4.19,113,5.28
2019,Q1,Downtown Dubai,1879.0,3340410.0,1553,1.17,-1.69,55,5.68
2019,Q1,Business Bay,1169.0,2232712.0,1678,2.39,0.22,71,6.02
2019,Q1,JVC,787.0,1295921.0,271,-1.15,-2.86,49,7.0
2019,Q1,Palm Jumeirah,3433.0,6119055.0,2273,2.46,-3.78,112,5.74
2019,Q1,JLT,867.0,1510342.0,1572,1.28,-0.57,140,6.29
2019,Q1,DIFC,2508.0,4487676.0,2471,2.4,1.16,155,5.59
2019,Q1,Al Barsha,1004.0,1952047.0,2385,3.27,-2.25,127,6.4
2019,Q1,Mirdif,678.0,1245222.0,1262,0.8,0.93,65,5.15
2019,Q1,Dubai Hills Estate,1577.0,2773713.0,1831,-0.39,-3.25,77,5.96
2019,Q1,Town Square,783.0,1344161.0,2475,-0.82,-2.63,142,5.71
2019,Q1,Dubai Creek Harbour,1239.0,2137805.0,761,1.5,0.48,64,5.82
2019,Q1,Arabian Ranches,1012.0,1881498.0,2407,-1.81,-0.15,39,6.05
2019,Q1,Emaar Beachfront,1758.0,3269670.0,862,-1.33,1.05,177,6.17
2019,Q1,Sports City,649.0,1214039.0,2209,-0.53,-0.31,99,6.11
2019,Q2,Dubai Marina,1373.0,2708875.0,330,1.41,-0.37,53,6.19
2019,Q2,Downtown Dubai,1951.0,3522437.0,967,-1.2,-2.07,170,4.77
2019,Q2,Business Bay,1191.0,2430361.0,615,-2.26,-3.0,50,5.18
2019,Q2,JVC,782.0,1494187.0,2058,2.28,-0.03,162,6.9
2019,Q2,Palm Jumeirah,3398.0,6201752.0,1864,1.84,-2.99,38,6.09
2019,Q2,JLT,852.0,1532957.0,281,1.43,-1.76,106,6.22
2019,Q2,DIFC,2492.0,4546006.0,831,0.28,-2.5,30,6.0
2019,Q2,Al Barsha,1032.0,1899659.0,2215,2.81,-4.11,87,6.41
2019,Q2,Mirdif,702.0,1252337.0,1115,2.27,0.08,159,6.18
2019,Q2,Dubai Hills Estate,1493.0,2826076.0,734,-0.57,-0.92,43,5.65
2019,Q2,Town Square,780.0,1469202.0,2020,1.15,-2.48,59,5.23
2019,Q2,Dubai Creek Harbour,1183.0,2230614.0,1851,1.76,-0.01,90,5.45
2019,Q2,Arabian Ranches,1062.0,1844484.0,322,-0.61,-0.23,107,5.8
2019,Q2,Emaar Beachfront,1795.0,3166854.0,187,1.11,0.07,104,5.49
2019,Q2,Sports City,695.0,1089387.0,178,-0.57,0.06,94,5.88
2019,Q3,Dubai Marina,1386.0,2518980.0,477,0.46,-1.3,92,6.11
2019,Q3,Downtown Dubai,1946.0,3455638.0,2335,0.35,-6.36,130,6.12
2019,Q3,Business Bay,1258.0,2137576.0,501,1.43,0.26,102,5.16
2019,Q3,JVC,769.0,1457358.0,988,-0.9,-3.05,113,5.89
2019,Q3,Palm Jumeirah,3309.0,6671717.0,698,-0.35,-1.8,53,5.71
2019,Q3,JLT,889.0,1545557.0,1285,0.23,-0.6,32,5.94
2019,Q3,DIFC,2448.0,4402863.0,2313,0.0,-3.66,129,6.26
2019,Q3,Al Barsha,1043.0,1936583.0,1794,1.8,-2.57,89,5.68
2019,Q3,Mirdif,665.0,1319367.0,2454,-0.72,-5.24,61,5.46
2019,Q3,Dubai Hills Estate,1564.0,2900729.0,371,1.26,0.32,154,5.87
2019,Q3,Town Square,789.0,1542783.0,1005,1.45,-3.42,169,5.6
2019,Q3,Dubai Creek Harbour,1166.0,2237087.0,2027,1.16,-3.1,137,5.8
2019,Q3,Arabian Ranches,1048.0,1806623.0,1914,0.58,-2.06,74,6.13
2019,Q3,Emaar Beachfront,1757.0,3184525.0,2319,2.01,-1.68,76,6.85
2019,Q3,Sports City,634.0,1189699.0,909,-0.6,2.13,103,5.56
2019,Q4,Dubai Marina,1396.0,2546338.0,2357,2.48,0.13,95,6.37
2019,Q4,Downtown Dubai,1924.0,3498540.0,2464,-1.19,-0.02,114,6.37
2019,Q4,Business Bay,1167.0,2330205.0,2448,2.83,-1.35,37,5.41
2019,Q4,JVC,789.0,1406565.0,796,1.34,-4.67,112,5.99
2019,Q4,Palm Jumeirah,3567.0,6215915.0,1620,1.19,-2.83,165,4.99
2019,Q4,JLT,877.0,1503023.0,1873,2.53,-3.15,116,5.62
2019,Q4,DIFC,2486.0,4396464.0,715,-1.66,1.83,70,5.87
2019,Q4,Al Barsha,1089.0,1809165.0,418,0.43,0.78,48,6.81
2019,Q4,Mirdif,677.0,1189868.0,730,-0.85,-1.62,35,5.9
2019,Q4,Dubai Hills Estate,1518.0,2706201.0,832,2.01,-2.28,53,5.48
2019,Q4,Town Square,729.0,1379848.0,719,0.3,-0.85,175,5.56
2019,Q4,Dubai Creek Harbour,1185.0,2076010.0,2376,-0.87,2.48,174,5.48
2019,Q4,Arabian Ranches,1107.0,1909649.0,1013,2.72,-2.35,100,5.76
2019,Q4,Emaar Beachfront,1757.0,3105679.0,2497,1.16,-0.59,102,6.02
2019,Q4,Sports City,661.0,1172121.0,1014,1.13,-3.1,171,5.92
2020,Q1,Dubai Marina,1289.0,2318906.0,1313,0.92,0.19,106,5.2
2020,Q1,Downtown Dubai,1840.0,3514588.0,1730,-0.1,0.54,142,5.15
2020,Q1,Business Bay,1214.0,2038244.0,1729,-1.39,-4.71,74,5.02
2020,Q1,JVC,737.0,1234878.0,1329,0.98,-2.8,130,5.13
2020,Q1,Palm Jumeirah,3250.0,5873179.0,791,-0.04,-2.26,68,5.89
2020,Q1,JLT,843.0,1356408.0,821,0.99,-2.04,92,6.4
2020,Q1,DIFC,2358.0,3715003.0,1595,0.86,-2.36,172,5.14
2020,Q1,Al Barsha,1033.0,1808131.0,1682,3.16,-1.82,75,5.79
2020,Q1,Mirdif,632.0,1122861.0,2490,2.98,-2.66,66,6.28
2020,Q1,Dubai Hills Estate,1439.0,2752592.0,1704,1.46,-0.43,117,5.49
2020,Q1,Town Square,787.0,1279724.0,1979,2.06,-2.01,142,5.49
2020,Q1,Dubai Creek Harbour,1182.0,2042927.0,2150,1.07,-3.34,118,5.73
2020,Q1,Arabian Ranches,933.0,1628353.0,1349,0.55,-0.01,55,5.76
2020,Q1,Emaar Beachfront,1541.0,2896565.0,2277,1.74,-2.25,124,6.22
2020,Q1,Sports City,617.0,1233859.0,2412,0.92,-3.41,136,6.1
2020,Q2,Dubai Marina,1343.0,2254271.0,1277,0.54,-1.41,90,5.78
2020,Q2,Downtown Dubai,1845.0,3182383.0,973,-1.09,0.16,106,5.15
2020,Q2,Business Bay,1147.0,2120802.0,1313,0.21,-1.51,32,5.35
2020,Q2,JVC,751.0,1260005.0,2032,-1.66,1.04,54,5.18
2020,Q2,Palm Jumeirah,3338.0,5973570.0,876,0.05,0.27,180,5.17
2020,Q2,JLT,775.0,1551831.0,1185,0.27,0.28,50,5.14
2020,Q2,DIFC,2392.0,4187404.0,497,1.07,-1.8,124,4.9
2020,Q2,Al Barsha,956.0,1767904.0,762,-0.33,-0.14,133,6.3
2020,Q2,Mirdif,670.0,1148227.0,2294,-0.76,-1.71,106,5.84
2020,Q2,Dubai Hills Estate,1493.0,2660254.0,973,2.82,-0.04,157,6.22
2020,Q2,Town Square,703.0,1466332.0,1290,0.66,-1.31,144,5.55
2020,Q2,Dubai Creek Harbour,1176.0,2064737.0,211,-0.27,-2.94,120,5.02
2020,Q2,Arabian Ranches,1013.0,1784794.0,1564,-2.91,-1.88,35,6.09
2020,Q2,Emaar Beachfront,1691.0,2931320.0,1295,1.43,-0.49,158,6.3
2020,Q2,Sports City,618.0,1122507.0,1692,0.7,1.13,142,5.68
2020,Q3,Dubai Marina,1310.0,2174994.0,952,2.9,0.79,52,5.54
2020,Q3,Downtown Dubai,1786.0,3215128.0,517,-0.4,-3.24,126,6.45
2020,Q3,Business Bay,1126.0,1969069.0,2398,-0.34,2.23,59,5.67
2020,Q3,JVC,711.0,1370668.0,1910,-0.94,-5.59,151,5.73
2020,Q3,Palm Jumeirah,3274.0,6023195.0,1936,-0.75,-1.09,42,5.88
2020,Q3,JLT,829.0,1594839.0,1748,-2.73,0.68,172,6.82
2020,Q3,DIFC,2311.0,3637190.0,488,1.32,0.38,39,5.34
2020,Q3,Al Barsha,993.0,1865369.0,326,-0.15,0.68,60,5.99
2020,Q3,Mirdif,679.0,1110002.0,328,2.37,-2.94,169,5.53
2020,Q3,Dubai Hills Estate,1452.0,2870246.0,1700,0.87,-2.33,108,6.75
2020,Q3,Town Square,755.0,1281116.0,861,2.49,-5.1,162,6.05
2020,Q3,Dubai Creek Harbour,1112.0,1978788.0,1674,-0.73,-2.6,150,5.21
2020,Q3,Arabian Ranches,1030.0,1876691.0,1066,1.62,-1.7,136,5.96
2020,Q3,Emaar Beachfront,1631.0,3079660.0,1211,0.05,-2.35,146,5.2
2020,Q3,Sports City,595.0,1134091.0,343,2.65,-1.78,74,5.27
2020,Q4,Dubai Marina,1331.0,2410773.0,722,0.77,0.33,125,5.68
2020,Q4,Downtown Dubai,1815.0,3101799.0,1728,1.59,-1.19,109,6.36
2020,Q4,Business Bay,1121.0,2207970.0,1727,1.74,-1.24,102,6.09
2020,Q4,JVC,734.0,1421501.0,183,-1.9,-3.47,33,5.99
2020,Q4,Palm Jumeirah,3114.0,5989162.0,367,1.23,-0.48,155,6.28
2020,Q4,JLT,800.0,1375108.0,286,0.21,-2.61,145,5.73
2020,Q4,DIFC,2318.0,4148472.0,1968,2.96,-1.59,132,5.51
2020,Q4,Al Barsha,966.0,1775956.0,2148,2.69,-0.47,151,5.51
2020,Q4,Mirdif,676.0,1146603.0,1472,2.42,-3.51,150,4.7
2020,Q4,Dubai Hills Estate,1496.0,2676869.0,207,2.67,-1.56,147,5.19
2020,Q4,Town Square,750.0,1199670.0,161,1.48,-3.97,104,5.08
2020,Q4,Dubai Creek Harbour,1148.0,2130891.0,135,2.01,-1.76,160,5.85
2020,Q4,Arabian Ranches,1056.0,1802305.0,1034,1.73,0.31,161,6.52
2020,Q4,Emaar Beachfront,1639.0,2715650.0,600,0.57,-1.02,71,5.47
2020,Q4,Sports City,635.0,1108537.0,98,-0.36,-5.4,104,5.68
2021,Q1,Dubai Marina,1435.0,2771082.0,1233,0.26,-0.35,161,6.11
2021,Q1,Downtown Dubai,1985.0,3903483.0,2027,2.39,0.44,80,5.53
2021,Q1,Business Bay,1197.0,2422836.0,1489,2.34,-2.67,104,5.62
2021,Q1,JVC,824.0,1428409.0,665,3.48,-0.78,173,5.3
2021,Q1,Palm Jumeirah,3418.0,6425077.0,2084,0.82,-0.15,30,5.32
2021,Q1,JLT,902.0,1659752.0,613,0.95,-2.12,57,5.38
2021,Q1,DIFC,2552.0,4418485.0,1664,2.79,-2.85,72,5.77
2021,Q1,Al Barsha,1046.0,2078134.0,1969,2.71,0.99,33,4.99
2021,Q1,Mirdif,685.0,1200209.0,1313,-1.21,-0.09,37,5.92
2021,Q1,Dubai Hills Estate,1594.0,2736392.0,404,0.7,0.47,95,5.22
2021,Q1,Town Square,793.0,1556098.0,2382,0.48,0.13,91,5.56
2021,Q1,Dubai Creek Harbour,1271.0,2401207.0,1446,1.68,-0.22,179,5.53
2021,Q1,Arabian Ranches,1047.0,1968002.0,2190,-0.86,-1.26,138,6.01
2021,Q1,Emaar Beachfront,1787.0,3160026.0,1489,-0.08,-0.54,164,5.9
2021,Q1,Sports City,677.0,1166555.0,1313,1.35,-2.2,92,5.74
2021,Q2,Dubai Marina,1441.0,2670726.0,2022,1.57,5.29,161,5.25
2021,Q2,Downtown Dubai,1946.0,3527250.0,908,2.27,-2.14,128,5.75
2021,Q2,Business Bay,1317.0,2082229.0,1846,1.06,-0.21,60,5.92
2021,Q2,JVC,799.0,1397574.0,113,-1.92,4.25,104,5.67
2021,Q2,Palm Jumeirah,3691.0,6300457.0,1086,1.05,0.61,157,4.8
2021,Q2,JLT,862.0,1647733.0,449,4.15,-2.32,40,5.58
2021,Q2,DIFC,2422.0,4374923.0,1941,-0.38,-1.56,53,4.73
2021,Q2,Al Barsha,1034.0,1956797.0,2341,0.86,-0.92,120,5.38
2021,Q2,Mirdif,711.0,1362729.0,1371,-1.39,-0.26,58,6.53
2021,Q2,Dubai Hills Estate,1622.0,2970034.0,228,1.66,0.2,38,5.32
2021,Q2,Town Square,825.0,1395392.0,1097,-0.29,-2.11,171,4.96
2021,Q2,Dubai Creek Harbour,1299.0,2373243.0,2087,1.7,-1.11,59,5.86
2021,Q2,Arabian Ranches,1057.0,2081185.0,1743,-2.84,-2.51,156,6.03
2021,Q2,Emaar Beachfront,1830.0,3163266.0,1937,0.24,-2.08,49,5.72
2021,Q2,Sports City,689.0,1188991.0,2191,-0.64,-2.19,69,5.04
2021,Q3,Dubai Marina,1305.0,2607085.0,1887,2.59,-2.19,142,6.61
2021,Q3,Downtown Dubai,1938.0,3590973.0,507,1.47,-1.04,122,5.94
2021,Q3,Business Bay,1278.0,2148292.0,138,-0.88,0.09,157,5.47
2021,Q3,JVC,817.0,1487320.0,1014,1.41,-0.48,106,5.91
2021,Q3,Palm Jumeirah,3486.0,6604456.0,54,1.96,-0.26,49,6.09
2021,Q3,JLT,900.0,1604409.0,240,-0.15,-3.77,167,5.19
2021,Q3,DIFC,2451.0,4233570.0,1963,-1.93,4.18,163,5.34
2021,Q3,Al Barsha,1062.0,1822501.0,685,1.37,2.18,156,5.62
2021,Q3,Mirdif,694.0,1180509.0,998,-0.13,-0.4,154,5.81
2021,Q3,Dubai Hills Estate,1714.0,2983074.0,1990,-0.44,-1.41,175,5.68
2021,Q3,Town Square,784.0,1375397.0,2131,-0.31,-2.65,147,5.51
2021,Q3,Dubai Creek Harbour,1274.0,2277097.0,1696,-0.48,-0.3,64,6.1
2021,Q3,Arabian Ranches,1072.0,1842661.0,166,2.9,-2.14,150,6.04
2021,Q3,Emaar Beachfront,1862.0,3330411.0,2337,0.91,0.73,39,5.3
2021,Q3,Sports City,664.0,1185370.0,1060,-0.46,-4.12,135,5.4
2021,Q4,Dubai Marina,1391.0,2438012.0,1263,-1.1,-0.61,150,5.37
2021,Q4,Downtown Dubai,2085.0,3272189.0,363,0.61,-2.18,41,4.96
2021,Q4,Business Bay,1250.0,2362745.0,1058,-0.05,1.05,150,4.78
2021,Q4,JVC,869.0,1450613.0,1084,0.31,-1.82,77,5.13
2021,Q4,Palm Jumeirah,3652.0,6220908.0,2255,0.44,-3.32,105,6.3
2021,Q4,JLT,898.0,1377019.0,54,0.46,-2.18,92,5.8
2021,Q4,DIFC,2560.0,4661162.0,349,1.45,0.55,129,5.97
2021,Q4,Al Barsha,1109.0,2125300.0,1579,-1.58,-0.36,113,5.62
2021,Q4,Mirdif,726.0,1245157.0,303,-0.88,-1.28,71,5.63
2021,Q4,Dubai Hills Estate,1588.0,2868430.0,238,-0.29,0.29,80,5.67
2021,Q4,Town Square,837.0,1484804.0,2137,-0.69,-6.58,97,5.81
2021,Q4,Dubai Creek Harbour,1312.0,2340502.0,1009,2.1,-3.09,107,6.16
2021,Q4,Arabian Ranches,1101.0,2067188.0,612,2.35,-1.64,149,4.79
2021,Q4,Emaar Beachfront,1805.0,3453527.0,111,2.98,0.08,91,5.44
2021,Q4,Sports City,673.0,1180771.0,179,1.93,-1.06,127,5.89
2022,Q1,Dubai Marina,1686.0,2969485.0,778,0.61,0.23,70,5.4
2022,Q1,Downtown Dubai,2317.0,3924842.0,1493,0.58,3.61,31,5.8
2022,Q1,Business Bay,1485.0,2623893.0,515,0.43,3.35,159,5.83
2022,Q1,JVC,940.0,1540374.0,1491,-1.24,-0.25,31,5.75
2022,Q1,Palm Jumeirah,4046.0,7581179.0,1044,1.9,-1.06,40,5.44
2022,Q1,JLT,1064.0,1825220.0,2431,0.21,1.41,107,4.23
2022,Q1,DIFC,2925.0,5655013.0,1398,-0.9,-0.71,57,5.53
2022,Q1,Al Barsha,1195.0,2306986.0,2083,3.47,-3.6,155,5.59
2022,Q1,Mirdif,805.0,1535534.0,1568,0.2,1.42,87,5.12
2022,Q1,Dubai Hills Estate,1885.0,3636979.0,1016,0.81,1.96,34,5.46
2022,Q1,Town Square,985.0,1758779.0,936,2.12,3.47,148,5.62
2022,Q1,Dubai Creek Harbour,1509.0,2808723.0,1458,1.2,-4.26,100,5.63
2022,Q1,Arabian Ranches,1170.0,2401806.0,328,-0.58,-0.07,33,5.94
2022,Q1,Emaar Beachfront,2023.0,3716353.0,560,3.28,0.61,74,5.36
2022,Q1,Sports City,807.0,1448517.0,935,1.53,-0.81,47,6.89
2022,Q2,Dubai Marina,1670.0,3011335.0,680,-0.03,-1.22,94,5.29
2022,Q2,Downtown Dubai,2258.0,4155151.0,204,-1.07,-0.49,77,5.55
2022,Q2,Business Bay,1475.0,2608806.0,166,4.9,-1.79,169,5.18
2022,Q2,JVC,965.0,1700299.0,728,-1.69,-0.0,77,5.18
2022,Q2,Palm Jumeirah,4272.0,7566085.0,514,2.71,-1.58,110,5.05
2022,Q2,JLT,1000.0,1846388.0,282,0.54,1.88,53,5.67
2022,Q2,DIFC,2833.0,5315443.0,1412,1.86,0.93,42,6.02
2022,Q2,Al Barsha,1277.0,2213983.0,2187,1.71,1.4,148,5.24
2022,Q2,Mirdif,854.0,1490339.0,1204,1.59,1.67,110,5.28
2022,Q2,Dubai Hills Estate,1862.0,3532775.0,2486,1.21,1.06,147,5.54
2022,Q2,Town Square,942.0,1502946.0,1667,1.04,0.98,147,5.78
2022,Q2,Dubai Creek Harbour,1441.0,2518378.0,1814,1.73,-0.32,91,5.68
2022,Q2,Arabian Ranches,1221.0,2200312.0,1054,0.46,-1.56,127,5.21
2022,Q2,Emaar Beachfront,2078.0,3794071.0,286,-0.51,-2.1,134,4.85
2022,Q2,Sports City,819.0,1498862.0,1277,3.53,-2.61,41,4.82
2022,Q3,Dubai Marina,1632.0,2500735.0,1094,2.94,-1.5,45,5.94
2022,Q3,Downtown Dubai,2308.0,4086885.0,1829,-0.54,0.03,103,4.9
2022,Q3,Business Bay,1498.0,2668833.0,725,1.32,2.64,94,5.02
2022,Q3,JVC,1005.0,1601890.0,356,1.41,3.46,95,5.36
2022,Q3,Palm Jumeirah,4082.0,7690466.0,1520,1.39,4.08,65,5.88
2022,Q3,JLT,1045.0,2016385.0,908,1.37,-0.72,133,6.07
2022,Q3,DIFC,3028.0,5380429.0,606,1.21,-0.51,160,5.64
2022,Q3,Al Barsha,1267.0,2192498.0,1364,-2.42,0.71,149,5.96
2022,Q3,Mirdif,802.0,1577702.0,1646,2.72,2.86,55,5.49
2022,Q3,Dubai Hills Estate,1899.0,3649429.0,1822,0.02,2.51,165,6.32
2022,Q3,Town Square,945.0,1782986.0,1621,1.82,0.33,86,5.73
2022,Q3,Dubai Creek Harbour,1481.0,2737252.0,254,1.93,0.16,177,5.58
2022,Q3,Arabian Ranches,1209.0,2312795.0,208,2.56,2.43,43,5.68
2022,Q3,Emaar Beachfront,2141.0,3658738.0,2122,-1.5,-2.11,58,6.24
2022,Q3,Sports City,757.0,1478447.0,947,1.51,1.1,83,6.39
2022,Q4,Dubai Marina,1670.0,2777880.0,255,1.67,1.69,174,5.48
2022,Q4,Downtown Dubai,2438.0,4221553.0,157,1.69,-5.09,138,5.14
2022,Q4,Business Bay,1530.0,2755524.0,235,1.26,1.21,54,6.11
2022,Q4,JVC,954.0,1625728.0,1604,1.53,-2.16,87,5.75
2022,Q4,Palm Jumeirah,4345.0,7206206.0,443,1.19,2.29,74,5.33
2022,Q4,JLT,1021.0,1880168.0,2273,-2.99,-1.17,114,5.74
2022,Q4,DIFC,3012.0,5094543.0,1529,0.59,-1.28,58,5.14
2022,Q4,Al Barsha,1216.0,2187867.0,2003,1.95,-2.54,53,5.61
2022,Q4,Mirdif,810.0,1380946.0,1231,1.23,0.05,31,5.42
2022,Q4,Dubai Hills Estate,1839.0,3067298.0,1707,1.29,-0.2,147,4.91
2022,Q4,Town Square,940.0,1735520.0,1001,1.94,1.81,178,5.26
2022,Q4,Dubai Creek Harbour,1526.0,2657514.0,1991,1.35,2.78,107,5.25
2022,Q4,Arabian Ranches,1266.0,2060562.0,2383,1.25,-3.74,67,5.77
2022,Q4,Emaar Beachfront,2091.0,3566415.0,310,0.23,1.24,98,5.16
2022,Q4,Sports City,773.0,1367063.0,769,-1.12,1.41,149,5.19
2023,Q1,Dubai Marina,1938.0,3500926.0,1665,6.25,1.25,97,5.26
2023,Q1,Downtown Dubai,2548.0,4638768.0,2079,1.43,4.5,157,6.1
2023,Q1,Business Bay,1710.0,2959561.0,2353,0.29,-0.16,81,5.34
2023,Q1,JVC,1074.0,1849967.0,73,2.94,-2.62,121,5.23
2023,Q1,Palm Jumeirah,4356.0,8316450.0,898,1.9,2.96,80,5.24
2023,Q1,JLT,1227.0,2152717.0,2142,-0.32,1.15,125,5.19
2023,Q1,DIFC,3357.0,5942761.0,2042,1.53,2.39,164,6.13
2023,Q1,Al Barsha,1457.0,2588099.0,709,0.13,-2.14,133,5.36
2023,Q1,Mirdif,994.0,1644884.0,103,1.91,0.3,103,6.05
2023,Q1,Dubai Hills Estate,2017.0,3892140.0,555,2.2,1.65,53,5.32
2023,Q1,Town Square,1055.0,1862973.0,865,0.99,6.04,91,5.2
2023,Q1,Dubai Creek Harbour,1660.0,2995488.0,2461,1.58,1.32,146,5.03
2023,Q1,Arabian Ranches,1442.0,2461342.0,202,1.53,4.54,172,4.79
2023,Q1,Emaar Beachfront,2322.0,4210281.0,715,1.17,2.26,117,4.48
2023,Q1,Sports City,887.0,1519965.0,69,3.24,2.12,61,4.56
2023,Q2,Dubai Marina,1946.0,3593250.0,1435,1.98,0.18,180,4.83
2023,Q2,Downtown Dubai,2700.0,4499601.0,227,0.8,5.68,119,4.8
2023,Q2,Business Bay,1688.0,2946178.0,1404,1.75,4.28,176,5.4
2023,Q2,JVC,1066.0,1786309.0,1614,-1.54,3.99,176,4.21
2023,Q2,Palm Jumeirah,4830.0,8112317.0,255,3.55,2.74,149,5.11
2023,Q2,JLT,1191.0,2222591.0,825,1.09,3.13,123,5.09
2023,Q2,DIFC,3335.0,5904149.0,512,1.16,-0.46,62,5.22
2023,Q2,Al Barsha,1441.0,2409043.0,129,1.47,4.75,33,5.08
2023,Q2,Mirdif,907.0,1771852.0,1350,2.26,3.95,176,5.3
2023,Q2,Dubai Hills Estate,2063.0,4060819.0,1913,3.87,3.32,154,6.13
2023,Q2,Town Square,1058.0,1839062.0,1046,0.82,1.54,105,4.62
2023,Q2,Dubai Creek Harbour,1633.0,2919481.0,2036,2.05,0.64,108,4.6
2023,Q2,Arabian Ranches,1323.0,2483361.0,2347,0.13,1.78,91,5.14
2023,Q2,Emaar Beachfront,2371.0,4108396.0,680,0.94,5.0,102,4.83
2023,Q2,Sports City,876.0,1480335.0,1663,1.25,0.69,90,5.11
2023,Q3,Dubai Marina,1920.0,3291943.0,1913,1.48,3.16,126,6.0
2023,Q3,Downtown Dubai,2565.0,4227874.0,586,3.76,2.01,130,5.73
2023,Q3,Business Bay,1571.0,3199467.0,1212,5.13,4.26,78,5.96
2023,Q3,JVC,1097.0,1824392.0,2010,1.18,2.02,125,5.99
2023,Q3,Palm Jumeirah,4674.0,9041847.0,378,-1.89,0.05,102,5.28
2023,Q3,JLT,1169.0,2215557.0,1862,1.18,6.97,135,6.17
2023,Q3,DIFC,3367.0,6070843.0,1149,0.82,1.07,88,5.95
2023,Q3,Al Barsha,1422.0,2763250.0,1186,1.89,2.51,159,4.67
2023,Q3,Mirdif,1010.0,1817818.0,2243,2.3,5.26,156,5.84
2023,Q3,Dubai Hills Estate,2084.0,3717901.0,2166,0.51,2.46,42,5.45
2023,Q3,Town Square,1047.0,1926513.0,956,1.96,1.38,115,5.74
2023,Q3,Dubai Creek Harbour,1722.0,3089749.0,1314,0.76,-1.65,152,6.04
2023,Q3,Arabian Ranches,1356.0,2574153.0,1328,3.63,-1.01,148,4.75
2023,Q3,Emaar Beachfront,2338.0,4783062.0,489,-1.32,1.46,75,5.57
2023,Q3,Sports City,830.0,1620783.0,1422,2.23,2.08,32,5.52
2023,Q4,Dubai Marina,1896.0,3048456.0,2490,1.56,0.54,131,5.68
2023,Q4,Downtown Dubai,2483.0,4731709.0,1410,1.43,1.13,150,4.98
2023,Q4,Business Bay,1735.0,2887527.0,1737,4.81,-1.86,76,6.16
2023,Q4,JVC,1045.0,1840303.0,916,-0.03,2.52,33,4.69
2023,Q4,Palm Jumeirah,4948.0,9213982.0,1435,3.08,2.62,54,4.46
2023,Q4,JLT,1161.0,2011404.0,1523,-0.22,2.97,171,4.66
2023,Q4,DIFC,3185.0,5159703.0,2061,2.8,-0.15,114,4.54
2023,Q4,Al Barsha,1440.0,2644896.0,162,1.11,3.54,104,4.97
2023,Q4,Mirdif,936.0,1801853.0,1117,3.23,4.12,82,5.7
2023,Q4,Dubai Hills Estate,2130.0,4070706.0,2059,3.83,1.44,157,5.5
2023,Q4,Town Square,1069.0,1815291.0,727,1.2,1.57,117,5.45
2023,Q4,Dubai Creek Harbour,1664.0,3207665.0,2149,3.95,-2.88,170,5.95
2023,Q4,Arabian Ranches,1387.0,2520289.0,785,2.29,0.15,173,6.3
2023,Q4,Emaar Beachfront,2212.0,4075013.0,2056,0.78,2.69,45,5.3
2023,Q4,Sports City,897.0,1710346.0,1054,3.17,1.62,106,5.6
2024,Q1,Dubai Marina,2013.0,3731751.0,1962,1.77,-0.06,157,4.96
2024,Q1,Downtown Dubai,2702.0,4965546.0,378,5.41,3.07,73,5.03
2024,Q1,Business Bay,1856.0,2888391.0,913,2.56,3.41,97,5.06
2024,Q1,JVC,1170.0,2048582.0,2448,2.14,5.17,118,4.92
2024,Q1,Palm Jumeirah,5114.0,9404067.0,1805,1.51,2.37,53,5.23
2024,Q1,JLT,1249.0,2363584.0,1505,0.94,3.75,115,5.63
2024,Q1,DIFC,3309.0,6628760.0,886,0.61,0.12,161,5.28
2024,Q1,Al Barsha,1453.0,2822049.0,123,1.72,5.63,55,5.31
2024,Q1,Mirdif,1039.0,1778663.0,1329,4.45,3.63,152,4.59
2024,Q1,Dubai Hills Estate,2264.0,4018281.0,2408,0.5,3.81,128,5.26
2024,Q1,Town Square,1166.0,2050901.0,2253,-0.78,0.57,127,5.72
2024,Q1,Dubai Creek Harbour,1839.0,3111429.0,1759,3.18,1.75,65,3.77
2024,Q1,Arabian Ranches,1504.0,2775774.0,792,1.77,5.04,84,5.13
2024,Q1,Emaar Beachfront,2584.0,4539406.0,745,5.47,3.88,67,5.55
2024,Q1,Sports City,962.0,1772215.0,522,0.69,5.24,156,5.45
2024,Q2,Dubai Marina,2047.0,3479709.0,1054,4.06,2.36,112,5.18
2024,Q2,Downtown Dubai,2806.0,4905903.0,1801,1.94,4.27,43,4.93
2024,Q2,Business Bay,1793.0,3270079.0,272,4.7,4.25,85,4.95
2024,Q2,JVC,1171.0,2002248.0,1707,0.46,0.28,51,5.54
2024,Q2,Palm Jumeirah,5076.0,9259550.0,1105,3.05,2.04,69,5.07
2024,Q2,JLT,1347.0,2297327.0,2405,0.11,3.27,53,5.47
2024,Q2,DIFC,3531.0,6463817.0,2248,1.1,1.56,167,4.81
2024,Q2,Al Barsha,1558.0,2537975.0,1250,3.36,3.42,53,4.99
2024,Q2,Mirdif,1008.0,1750590.0,2235,2.6,5.2,106,5.77
2024,Q2,Dubai Hills Estate,2198.0,3864801.0,730,-1.31,-0.83,116,5.75
2024,Q2,Town Square,1181.0,2114081.0,2201,2.33,-0.8,128,4.79
2024,Q2,Dubai Creek Harbour,1800.0,3179560.0,2008,2.17,-0.35,158,5.43
2024,Q2,Arabian Ranches,1527.0,2934845.0,903,1.31,6.34,151,5.24
2024,Q2,Emaar Beachfront,2396.0,4612462.0,1381,-1.01,0.21,116,5.9
2024,Q2,Sports City,952.0,1686305.0,1773,1.77,4.76,162,5.33
2024,Q3,Dubai Marina,2136.0,3968586.0,2245,1.43,2.85,178,5.39
2024,Q3,Downtown Dubai,3010.0,4843110.0,2465,1.77,2.28,172,5.16
2024,Q3,Business Bay,1764.0,3306280.0,967,1.03,4.61,103,4.79
2024,Q3,JVC,1127.0,2094098.0,160,0.17,4.55,174,6.12
2024,Q3,Palm Jumeirah,5152.0,9835505.0,1590,2.09,3.78,133,5.23
2024,Q3,JLT,1283.0,2302294.0,1284,0.69,6.13,132,5.55
2024,Q3,DIFC,3552.0,5914741.0,2388,3.65,3.65,158,4.71
2024,Q3,Al Barsha,1605.0,2543689.0,1938,0.94,3.44,131,5.16
2024,Q3,Mirdif,979.0,1757439.0,915,2.89,6.61,131,5.33
2024,Q3,Dubai Hills Estate,2301.0,4014742.0,980,-1.23,2.06,67,6.14
2024,Q3,Town Square,1133.0,2200076.0,1777,-0.64,5.19,104,5.11
2024,Q3,Dubai Creek Harbour,1749.0,3089616.0,1442,-0.25,1.91,82,5.21
2024,Q3,Arabian Ranches,1507.0,2580363.0,2495,1.59,-1.85,151,5.69
2024,Q3,Emaar Beachfront,2593.0,4746639.0,2172,0.25,4.92,82,5.08
2024,Q3,Sports City,983.0,1883511.0,2484,-0.79,2.7,90,5.45
2024,Q4,Dubai Marina,2023.0,3657247.0,608,3.58,1.21,114,5.14
2024,Q4,Downtown Dubai,2843.0,5237170.0,289,2.88,7.4,119,5.31
2024,Q4,Business Bay,1700.0,3063760.0,200,1.43,6.1,86,4.53
2024,Q4,JVC,1123.0,2085406.0,1476,1.58,1.22,132,5.43
2024,Q4,Palm Jumeirah,5129.0,9166479.0,709,3.38,7.65,37,5.11
2024,Q4,JLT,1266.0,2273476.0,364,0.13,6.8,90,5.16
2024,Q4,DIFC,3812.0,6351938.0,277,1.43,2.37,178,5.41
2024,Q4,Al Barsha,1523.0,2943202.0,1433,0.92,1.6,165,5.83
2024,Q4,Mirdif,960.0,1940480.0,1870,1.23,3.89,101,6.12
2024,Q4,Dubai Hills Estate,2250.0,4383424.0,312,-1.29,-2.28,89,4.71
2024,Q4,Town Square,1170.0,2158715.0,999,2.63,2.33,47,5.53
2024,Q4,Dubai Creek Harbour,1833.0,3205040.0,1464,5.18,4.99,114,5.69
2024,Q4,Arabian Ranches,1453.0,2740378.0,752,3.01,6.44,179,5.05
2024,Q4,Emaar Beachfront,2556.0,5032343.0,645,-1.09,2.16,55,5.41
2024,Q4,Sports City,957.0,1800078.0,2016,2.41,1.0,81,5.02
