contractor_id,contractor_name,contractor_type,specialization,country_of_origin,uae_license_no,grade,established_year,years_in_uae,completed_projects_uae,active_projects,max_capacity_sqm,preferred_developer_ids,performance_score,on_time_delivery_rate_pct,avg_cost_overrun_pct,quality_score,safety_record_score,rating,payment_terms_days,insurance_valid_until,rera_approved,blacklisted
CONT001,UAE MEP Group 1,MEP Contractor,Mechanical Electrical Plumbing,UAE,DM-CONT-46739,Grade B,2016,3,2,11,36507,DEV0016,71.8,61.5,13.0,53.4,78.1,3.2,30,2028-12-31,True,False
CONT002,UAE Civil Group 2,Civil,Foundations & Structural,UAE,DM-CONT-27798,Grade B,2019,1,10,1,57509,"DEV0012,DEV0014",62.3,72.7,8.1,92.3,85.2,2.2,60,2027-12-31,True,False
CONT003,India Main Group 3,Main Contractor,High-Rise Residential,India,DM-CONT-70408,Grade A,1990,9,8,5,22325,"DEV0007,DEV0011,DEV0019",80.2,79.5,0.0,71.1,79.5,4.4,45,2028-12-31,True,False
CONT004,UAE MEP Group 4,MEP Contractor,Mechanical Electrical Plumbing,UAE,DM-CONT-70806,Grade C,2017,5,4,2,57043,"DEV0002,DEV0007,DEV0001",96.2,86.3,7.0,73.1,87.2,4.0,60,2027-12-31,False,False
CONT005,China Main Group 5,Main Contractor,High-Rise Residential,China,DM-CONT-23330,Grade B,1999,3,13,10,55608,"DEV0001,DEV0011",80.7,99.8,4.9,93.5,91.6,3.2,60,2027-12-31,True,False
CONT006,UK Interior Group 6,Interior Fit-Out,Luxury Interior Finishing,UK,DM-CONT-85198,Grade B,2004,6,19,13,171825,DEV0015,100.0,100.0,9.0,60.1,92.8,3.8,60,2026-12-31,True,False
CONT007,India MEP Group 7,MEP Contractor,Mechanical Electrical Plumbing,India,DM-CONT-19616,Grade B,1996,12,21,1,167585,"DEV0003,DEV0016",57.8,75.6,14.3,62.9,77.3,3.9,45,2028-12-31,True,False
CONT008,UAE Civil Group 8,Civil,Foundations & Structural,UAE,DM-CONT-61470,Grade A,1996,8,4,5,25631,"DEV0003,DEV0017,DEV0009",94.7,90.6,7.3,72.8,58.7,3.1,45,2027-12-31,True,False
CONT009,UAE MEP Group 9,MEP Contractor,Mechanical Electrical Plumbing,UAE,DM-CONT-99607,Grade B,2017,2,8,5,11818,"DEV0007,DEV0020,DEV0014",56.0,51.7,9.0,81.8,81.9,3.2,45,2028-12-31,True,False
CONT010,UAE Civil Group 10,Civil,Foundations & Structural,UAE,DM-CONT-66172,Grade B,1996,28,11,5,39708,"DEV0008,DEV0014,DEV0018",69.5,72.4,6.2,93.9,77.7,3.8,90,2027-12-31,True,False
CONT011,Turkey Landscaping Group 11,Landscaping,Hardscaping & Irrigation,Turkey,DM-CONT-98941,Grade B,1994,22,11,1,63647,"DEV0001,DEV0013,DEV0014",60.0,75.2,2.2,65.6,74.0,2.8,60,2028-12-31,True,False
CONT012,UAE Façade Group 12,Façade,Curtain Wall & Cladding,UAE,DM-CONT-21484,Grade B,1990,12,33,1,279393,"DEV0017,DEV0017,DEV0014",63.3,76.9,9.5,94.7,72.4,4.2,30,2026-12-31,True,False
CONT013,India MEP Group 13,MEP Contractor,Mechanical Electrical Plumbing,India,DM-CONT-50314,Grade B,1997,16,6,9,23080,"DEV0016,DEV0004,DEV0011",74.0,84.1,0.0,64.7,100.0,3.2,90,2027-12-31,True,False
CONT014,UAE Civil Group 14,Civil,Foundations & Structural,UAE,DM-CONT-17530,Grade A,1998,24,10,1,71811,DEV0014,63.4,65.8,12.3,67.1,78.9,5.0,60,2027-12-31,True,False
CONT015,India Interior Group 15,Interior Fit-Out,Luxury Interior Finishing,India,DM-CONT-95263,Grade B,1993,9,1,2,30282,"DEV0019,DEV0012,DEV0001",46.5,51.3,12.8,64.1,84.2,5.0,90,2026-12-31,True,False
CONT016,India Civil Group 16,Civil,Foundations & Structural,India,DM-CONT-98987,Grade B,1998,26,18,3,18879,DEV0004,48.4,63.4,11.4,61.5,63.3,3.6,60,2028-12-31,True,False
CONT017,UAE Main Group 17,Main Contractor,High-Rise Residential,UAE,DM-CONT-67434,Grade B,2014,3,14,6,27436,"DEV0013,DEV0011,DEV0009",81.0,63.0,0.0,78.3,94.6,4.1,60,2028-12-31,True,False
CONT018,UAE Civil Group 18,Civil,Foundations & Structural,UAE,DM-CONT-44048,Grade B,2008,5,10,2,22240,DEV0016,73.4,100.0,8.1,84.5,71.5,4.7,45,2026-12-31,True,False
CONT019,Pakistan Civil Group 19,Civil,Foundations & Structural,Pakistan,DM-CONT-84676,Grade B,2001,3,17,7,11401,DEV0004,73.6,70.4,0.5,68.0,78.7,3.6,60,2028-12-31,True,False
CONT020,UAE Interior Group 20,Interior Fit-Out,Luxury Interior Finishing,UAE,DM-CONT-31569,Grade B,2008,1,7,1,181216,"DEV0003,DEV0019",70.9,41.2,19.5,89.9,54.5,3.4,60,2027-12-31,True,False
CONT021,India Interior Group 21,Interior Fit-Out,Luxury Interior Finishing,India,DM-CONT-87695,Grade B,2016,7,18,13,11120,DEV0017,79.4,83.6,6.8,72.4,81.4,3.4,60,2028-12-31,True,False
CONT022,UAE MEP Group 22,MEP Contractor,Mechanical Electrical Plumbing,UAE,DM-CONT-71045,Grade C,1992,32,59,3,5980,"DEV0008,DEV0020,DEV0013",61.9,72.1,8.1,79.0,76.5,3.6,90,2026-12-31,False,False
CONT023,UAE MEP Group 23,MEP Contractor,Mechanical Electrical Plumbing,UAE,DM-CONT-31634,Grade A,2010,10,5,6,66975,DEV0005,86.5,77.4,7.8,75.7,85.0,4.2,45,2027-12-31,True,False
CONT024,Turkey MEP Group 24,MEP Contractor,Mechanical Electrical Plumbing,Turkey,DM-CONT-83029,Grade C,1992,16,6,1,16320,"DEV0011,DEV0015",53.3,69.4,11.8,63.4,100.0,4.4,60,2028-12-31,False,False
CONT025,Germany Civil Group 25,Civil,Foundations & Structural,Germany,DM-CONT-13905,Grade B,2018,3,23,1,15350,"DEV0012,DEV0006",66.4,80.2,13.9,59.1,73.7,3.2,60,2027-12-31,True,False
CONT026,UAE MEP Group 26,MEP Contractor,Mechanical Electrical Plumbing,UAE,DM-CONT-34537,Grade A,2001,12,1,2,113235,"DEV0009,DEV0001,DEV0013",40.0,78.9,13.5,84.3,67.9,4.0,45,2027-12-31,True,True
CONT027,Egypt Interior Group 27,Interior Fit-Out,Luxury Interior Finishing,Egypt,DM-CONT-15888,Grade C,1989,37,2,3,42493,"DEV0008,DEV0018,DEV0010",62.9,60.4,8.5,50.0,70.3,4.1,45,2028-12-31,False,False
CONT028,South Korea MEP Group 28,MEP Contractor,Mechanical Electrical Plumbing,South Korea,DM-CONT-26932,Grade C,2010,12,6,9,29625,DEV0017,79.9,51.0,4.7,75.2,88.5,3.0,45,2028-12-31,False,False
CONT029,UAE Civil Group 29,Civil,Foundations & Structural,UAE,DM-CONT-28435,Grade B,2004,16,8,2,42932,"DEV0014,DEV0008",76.1,82.1,4.0,66.6,81.4,2.8,45,2026-12-31,True,False
CONT030,India Main Group 30,Main Contractor,High-Rise Residential,India,DM-CONT-67055,Grade A,2001,20,14,5,67903,"DEV0008,DEV0015",87.4,88.3,6.7,71.9,62.0,3.5,30,2028-12-31,True,False
CONT031,UAE Civil Group 31,Civil,Foundations & Structural,UAE,DM-CONT-57504,Grade C,2019,7,7,3,65259,"DEV0014,DEV0020",93.5,45.6,4.8,68.4,77.7,3.1,45,2027-12-31,False,False
CONT032,India MEP Group 32,MEP Contractor,Mechanical Electrical Plumbing,India,DM-CONT-82808,Grade B,2002,11,1,2,117947,"DEV0017,DEV0011",69.6,60.0,10.5,62.4,98.0,3.0,30,2027-12-31,True,True
CONT033,UAE MEP Group 33,MEP Contractor,Mechanical Electrical Plumbing,UAE,DM-CONT-83127,Grade A,1987,13,4,2,40040,"DEV0002,DEV0014",55.7,80.6,5.7,67.3,81.3,3.2,30,2026-12-31,True,False
CONT034,South Korea Main Group 34,Main Contractor,High-Rise Residential,South Korea,DM-CONT-75774,Grade A,2010,4,17,1,10480,"DEV0003,DEV0001,DEV0010",90.1,64.6,11.4,89.1,86.2,3.6,90,2028-12-31,True,False
CONT035,UAE Main Group 35,Main Contractor,High-Rise Residential,UAE,DM-CONT-55888,Grade B,2019,1,1,4,5126,DEV0006,84.5,97.6,0.0,71.0,98.1,4.0,30,2028-12-31,True,False
CONT036,South Korea MEP Group 36,MEP Contractor,Mechanical Electrical Plumbing,South Korea,DM-CONT-41481,Grade B,1991,12,23,5,33300,DEV0005,75.6,65.1,8.8,59.4,91.8,3.3,60,2027-12-31,True,False
CONT037,Turkey MEP Group 37,MEP Contractor,Mechanical Electrical Plumbing,Turkey,DM-CONT-11645,Grade A,1987,8,9,5,67889,"DEV0014,DEV0012",71.5,100.0,1.3,50.0,84.7,3.8,45,2028-12-31,True,False
CONT038,UK MEP Group 38,MEP Contractor,Mechanical Electrical Plumbing,UK,DM-CONT-56880,Grade B,1998,27,1,2,108223,"DEV0014,DEV0014",69.8,45.5,4.1,66.1,76.4,3.8,60,2026-12-31,True,False
CONT039,China Façade Group 39,Façade,Curtain Wall & Cladding,China,DM-CONT-12972,Grade B,1995,1,17,2,52689,"DEV0012,DEV0006",76.4,56.4,6.4,79.7,79.0,3.6,60,2026-12-31,True,False
CONT040,China Façade Group 40,Façade,Curtain Wall & Cladding,China,DM-CONT-23302,Grade A,1992,20,13,7,35025,DEV0007,60.4,59.2,9.0,84.0,50.0,4.3,60,2026-12-31,True,False
CONT041,Germany Civil Group 41,Civil,Foundations & Structural,Germany,DM-CONT-67622,Grade A,2002,4,3,1,18504,"DEV0016,DEV0007,DEV0018",70.3,66.6,1.0,100.0,76.2,3.9,60,2026-12-31,True,False
CONT042,UAE MEP Group 42,MEP Contractor,Mechanical Electrical Plumbing,UAE,DM-CONT-15403,Grade B,2004,8,8,8,196137,"DEV0019,DEV0006",76.2,95.3,12.7,73.2,56.3,3.7,45,2027-12-31,True,False
CONT043,UAE Main Group 43,Main Contractor,High-Rise Residential,UAE,DM-CONT-16804,Grade C,1989,18,1,3,33015,"DEV0017,DEV0018,DEV0012",58.1,63.5,6.5,70.9,65.3,3.4,45,2026-12-31,False,False
CONT044,China Main Group 44,Main Contractor,High-Rise Residential,China,DM-CONT-65767,Grade A,2014,11,33,2,40105,"DEV0010,DEV0006,DEV0012",40.0,84.2,13.8,89.3,65.7,3.4,90,2028-12-31,True,False
CONT045,India Façade Group 45,Façade,Curtain Wall & Cladding,India,DM-CONT-33102,Grade B,1986,35,5,1,13659,"DEV0004,DEV0010,DEV0003",69.5,67.7,16.0,52.3,79.3,3.4,60,2026-12-31,True,False
CONT046,China MEP Group 46,MEP Contractor,Mechanical Electrical Plumbing,China,DM-CONT-77757,Grade B,2016,8,28,3,69362,"DEV0001,DEV0020",81.6,95.3,7.8,82.9,61.0,4.2,45,2026-12-31,True,False
CONT047,UAE Main Group 47,Main Contractor,High-Rise Residential,UAE,DM-CONT-64747,Grade C,2015,5,1,2,43879,"DEV0016,DEV0010",73.2,80.8,8.1,73.1,74.7,3.7,45,2027-12-31,False,False
CONT048,South Korea Main Group 48,Main Contractor,High-Rise Residential,South Korea,DM-CONT-68430,Grade B,1994,29,14,3,151725,"DEV0004,DEV0017",92.9,52.6,4.5,74.2,77.1,4.8,60,2027-12-31,True,False
CONT049,India Façade Group 49,Façade,Curtain Wall & Cladding,India,DM-CONT-61564,Grade A,1994,30,24,1,42508,DEV0001,65.6,88.2,13.3,70.7,74.2,4.9,45,2028-12-31,True,False
CONT050,India Civil Group 50,Civil,Foundations & Structural,India,DM-CONT-32357,Grade B,1999,11,4,4,107396,"DEV0014,DEV0007,DEV0005",54.9,74.0,1.8,84.1,96.5,4.2,60,2026-12-31,True,False
CONT051,UAE Civil Group 51,Civil,Foundations & Structural,UAE,DM-CONT-33657,Grade B,1987,38,10,1,112626,"DEV0020,DEV0011,DEV0010",87.0,79.3,10.6,85.2,65.2,4.2,30,2027-12-31,True,False
CONT052,UAE Interior Group 52,Interior Fit-Out,Luxury Interior Finishing,UAE,DM-CONT-45997,Grade C,1998,12,25,1,136743,"DEV0017,DEV0013",67.7,58.0,6.3,75.7,78.2,4.6,90,2027-12-31,False,False
CONT053,UAE Landscaping Group 53,Landscaping,Hardscaping & Irrigation,UAE,DM-CONT-42128,Grade C,2019,3,3,1,21259,"DEV0009,DEV0020,DEV0001",40.0,60.5,11.0,75.1,84.2,4.2,30,2027-12-31,False,False
CONT054,India Interior Group 54,Interior Fit-Out,Luxury Interior Finishing,India,DM-CONT-60902,Grade B,1992,14,19,3,266573,"DEV0006,DEV0007",54.8,87.5,5.0,77.5,84.4,4.1,45,2028-12-31,True,False
CONT055,Turkey Interior Group 55,Interior Fit-Out,Luxury Interior Finishing,Turkey,DM-CONT-20018,Grade B,2018,5,2,4,87290,DEV0010,77.3,56.5,1.5,68.5,69.1,3.5,90,2027-12-31,True,False
CONT056,South Korea MEP Group 56,MEP Contractor,Mechanical Electrical Plumbing,South Korea,DM-CONT-33156,Grade A,2005,12,20,10,138234,"DEV0015,DEV0009,DEV0019",73.8,62.4,5.4,71.4,100.0,3.1,45,2026-12-31,True,False
CONT057,UAE Civil Group 57,Civil,Foundations & Structural,UAE,DM-CONT-86270,Grade B,1986,27,2,1,16652,"DEV0016,DEV0007",84.9,89.3,1.3,94.5,59.2,3.7,60,2028-12-31,True,False
CONT058,China Main Group 58,Main Contractor,High-Rise Residential,China,DM-CONT-14089,Grade B,2018,8,7,5,17675,"DEV0013,DEV0012,DEV0004",73.1,86.8,14.3,63.6,81.2,3.9,60,2027-12-31,True,False
CONT059,UAE Civil Group 59,Civil,Foundations & Structural,UAE,DM-CONT-50743,Grade B,1993,27,15,3,82757,"DEV0007,DEV0020",67.1,78.3,4.6,77.1,67.2,3.5,45,2028-12-31,True,False
CONT060,UK Civil Group 60,Civil,Foundations & Structural,UK,DM-CONT-71257,Grade C,1992,24,2,5,78244,DEV0009,64.4,82.5,4.7,68.9,100.0,3.5,45,2027-12-31,False,False
CONT061,Turkey Civil Group 61,Civil,Foundations & Structural,Turkey,DM-CONT-52552,Grade A,2007,14,27,2,212734,"DEV0010,DEV0001,DEV0009",50.7,87.8,0.0,62.0,77.7,3.1,60,2028-12-31,True,True
CONT062,UK Façade Group 62,Façade,Curtain Wall & Cladding,UK,DM-CONT-10363,Grade B,1990,19,8,3,42391,"DEV0014,DEV0006",88.7,67.2,16.3,95.4,91.3,4.0,60,2026-12-31,True,False
CONT063,India MEP Group 63,MEP Contractor,Mechanical Electrical Plumbing,India,DM-CONT-57476,Grade B,2006,14,7,4,175769,"DEV0010,DEV0018,DEV0016",54.0,63.8,3.7,76.3,89.3,3.4,90,2027-12-31,True,False
CONT064,India Façade Group 64,Façade,Curtain Wall & Cladding,India,DM-CONT-99143,Grade B,1991,18,35,2,25382,"DEV0020,DEV0008",84.3,68.9,20.9,81.4,100.0,3.2,30,2027-12-31,True,False
CONT065,Egypt Landscaping Group 65,Landscaping,Hardscaping & Irrigation,Egypt,DM-CONT-93677,Grade C,2013,13,8,6,51061,DEV0016,87.4,77.2,8.0,77.2,74.1,2.5,45,2027-12-31,False,False
CONT066,India Interior Group 66,Interior Fit-Out,Luxury Interior Finishing,India,DM-CONT-27919,Grade A,1999,27,12,1,78276,DEV0009,100.0,74.5,18.0,61.5,69.2,3.5,30,2027-12-31,True,False
CONT067,China MEP Group 67,MEP Contractor,Mechanical Electrical Plumbing,China,DM-CONT-17380,Grade C,2006,16,11,3,7609,"DEV0017,DEV0011",79.1,81.4,20.1,81.8,84.6,3.5,60,2026-12-31,False,False
CONT068,China Interior Group 68,Interior Fit-Out,Luxury Interior Finishing,China,DM-CONT-23900,Grade B,1991,31,14,2,18815,DEV0018,66.2,95.9,5.3,65.8,66.3,3.9,45,2026-12-31,True,False
CONT069,UAE Main Group 69,Main Contractor,High-Rise Residential,UAE,DM-CONT-90504,Grade B,2011,10,15,2,27816,"DEV0006,DEV0012,DEV0005",66.6,79.5,16.4,81.8,79.2,3.7,60,2028-12-31,True,False
CONT070,Egypt Civil Group 70,Civil,Foundations & Structural,Egypt,DM-CONT-15256,Grade C,2015,6,12,3,20675,DEV0001,72.7,48.8,1.7,70.8,64.6,4.6,45,2028-12-31,False,False
CONT071,UAE MEP Group 71,MEP Contractor,Mechanical Electrical Plumbing,UAE,DM-CONT-76965,Grade B,2012,6,2,2,36434,"DEV0002,DEV0009",96.6,76.5,15.6,64.6,54.6,3.0,45,2028-12-31,True,False
CONT072,India MEP Group 72,MEP Contractor,Mechanical Electrical Plumbing,India,DM-CONT-19806,Grade B,2000,10,10,8,29295,"DEV0001,DEV0007,DEV0005",65.4,74.9,4.0,81.1,69.8,2.6,60,2026-12-31,True,False
CONT073,China Interior Group 73,Interior Fit-Out,Luxury Interior Finishing,China,DM-CONT-24506,Grade B,2004,2,25,4,130485,"DEV0013,DEV0015",83.2,74.0,0.9,57.0,100.0,2.4,30,2027-12-31,True,False
CONT074,Turkey Landscaping Group 74,Landscaping,Hardscaping & Irrigation,Turkey,DM-CONT-81682,Grade B,2014,12,25,1,22609,"DEV0018,DEV0020",62.0,88.6,6.3,82.3,82.5,3.2,45,2027-12-31,True,False
CONT075,UK Civil Group 75,Civil,Foundations & Structural,UK,DM-CONT-46190,Grade A,2010,12,30,7,8769,"DEV0004,DEV0007",70.2,69.0,19.0,64.8,88.0,3.9,45,2027-12-31,True,False
CONT076,China Civil Group 76,Civil,Foundations & Structural,China,DM-CONT-31319,Grade A,1990,27,3,2,79311,"DEV0020,DEV0007,DEV0007",40.0,89.7,8.7,87.7,61.5,4.0,90,2026-12-31,True,False
CONT077,UAE Interior Group 77,Interior Fit-Out,Luxury Interior Finishing,UAE,DM-CONT-48106,Grade C,2000,3,19,1,29502,DEV0013,56.0,80.3,11.6,80.8,63.7,3.9,45,2028-12-31,False,False
CONT078,South Korea Civil Group 78,Civil,Foundations & Structural,South Korea,DM-CONT-49246,Grade C,2009,13,14,1,12095,DEV0014,72.6,90.7,3.4,62.6,61.5,3.7,30,2027-12-31,False,False
CONT079,Pakistan Main Group 79,Main Contractor,High-Rise Residential,Pakistan,DM-CONT-29647,Grade C,1999,7,11,2,39471,"DEV0004,DEV0012",62.5,72.8,9.1,75.6,96.5,2.5,30,2026-12-31,False,False
CONT080,UAE Main Group 80,Main Contractor,High-Rise Residential,UAE,DM-CONT-82686,Grade B,1990,34,14,1,18529,DEV0008,55.8,72.7,8.4,80.6,72.2,3.9,45,2028-12-31,True,False
CONT081,China Main Group 81,Main Contractor,High-Rise Residential,China,DM-CONT-99376,Grade C,2008,10,8,3,66092,"DEV0003,DEV0009,DEV0009",87.7,80.8,8.2,73.4,60.2,3.2,30,2027-12-31,False,False
CONT082,UAE Main Group 82,Main Contractor,High-Rise Residential,UAE,DM-CONT-26995,Grade B,2016,7,4,1,51219,"DEV0019,DEV0007",70.5,85.1,11.3,63.1,54.6,3.6,60,2027-12-31,True,False
CONT083,China Main Group 83,Main Contractor,High-Rise Residential,China,DM-CONT-48057,Grade B,2008,3,6,4,18734,"DEV0012,DEV0012",97.3,80.1,16.4,62.2,95.7,4.3,60,2026-12-31,True,False
CONT084,China MEP Group 84,MEP Contractor,Mechanical Electrical Plumbing,China,DM-CONT-11614,Grade B,1999,25,12,2,35738,"DEV0016,DEV0005,DEV0004",100.0,65.3,8.5,67.7,67.2,3.8,45,2028-12-31,True,False
CONT085,South Korea Main Group 85,Main Contractor,High-Rise Residential,South Korea,DM-CONT-25615,Grade C,2014,4,29,2,73549,"DEV0008,DEV0003",76.3,44.4,0.0,88.4,71.0,3.2,60,2027-12-31,False,False
CONT086,UAE Interior Group 86,Interior Fit-Out,Luxury Interior Finishing,UAE,DM-CONT-59469,Grade B,1996,21,38,6,137224,"DEV0010,DEV0010,DEV0015",78.2,62.5,3.7,91.4,66.0,2.7,45,2026-12-31,True,False
CONT087,UAE Civil Group 87,Civil,Foundations & Structural,UAE,DM-CONT-88258,Grade A,2012,2,2,6,54395,"DEV0018,DEV0008",57.6,93.4,8.1,66.4,66.8,3.9,60,2028-12-31,True,False
CONT088,Egypt Landscaping Group 88,Landscaping,Hardscaping & Irrigation,Egypt,DM-CONT-53170,Grade A,2017,5,2,8,54699,"DEV0003,DEV0020,DEV0020",100.0,37.5,13.5,59.7,71.7,3.2,30,2028-12-31,True,False
CONT089,Germany Façade Group 89,Façade,Curtain Wall & Cladding,Germany,DM-CONT-66583,Grade A,2008,6,6,3,29032,"DEV0012,DEV0004",92.7,76.1,10.4,58.1,85.5,4.3,45,2028-12-31,True,False
CONT090,UAE Façade Group 90,Façade,Curtain Wall & Cladding,UAE,DM-CONT-78467,Grade A,2000,23,14,4,9538,"DEV0004,DEV0015",68.5,87.2,2.1,89.3,89.8,4.3,30,2027-12-31,True,False
CONT091,UAE Interior Group 91,Interior Fit-Out,Luxury Interior Finishing,UAE,DM-CONT-76184,Grade C,2010,1,17,3,36753,"DEV0015,DEV0018,DEV0004",56.4,54.6,1.9,85.1,93.1,4.4,45,2028-12-31,False,False
CONT092,UAE Main Group 92,Main Contractor,High-Rise Residential,UAE,DM-CONT-76862,Grade B,1999,24,1,3,40887,DEV0003,60.0,54.1,7.4,68.8,74.4,3.2,90,2027-12-31,True,False
CONT093,China Façade Group 93,Façade,Curtain Wall & Cladding,China,DM-CONT-65551,Grade B,1991,14,46,2,19188,"DEV0013,DEV0019,DEV0017",91.7,69.7,0.0,81.9,64.2,4.0,30,2027-12-31,True,False
CONT094,Turkey Main Group 94,Main Contractor,High-Rise Residential,Turkey,DM-CONT-88064,Grade C,2018,2,58,1,18326,"DEV0013,DEV0006,DEV0002",71.0,68.9,0.0,77.6,66.9,2.9,60,2028-12-31,False,False
CONT095,India MEP Group 95,MEP Contractor,Mechanical Electrical Plumbing,India,DM-CONT-73675,Grade A,2005,2,13,2,17479,"DEV0005,DEV0011,DEV0009",87.2,84.9,12.3,59.6,86.6,3.3,45,2026-12-31,True,False
CONT096,UAE MEP Group 96,MEP Contractor,Mechanical Electrical Plumbing,UAE,DM-CONT-65989,Grade A,2001,17,2,8,49905,"DEV0008,DEV0018,DEV0006",75.1,92.4,14.8,66.0,93.8,3.7,30,2028-12-31,True,False
CONT097,India Main Group 97,Main Contractor,High-Rise Residential,India,DM-CONT-36883,Grade C,2004,5,1,1,6183,"DEV0011,DEV0011,DEV0004",65.7,52.4,8.7,74.8,64.7,4.9,60,2027-12-31,False,False
CONT098,Turkey Civil Group 98,Civil,Foundations & Structural,Turkey,DM-CONT-23180,Grade A,1986,23,20,3,64157,"DEV0005,DEV0017",70.1,95.5,5.2,63.7,87.7,3.3,30,2026-12-31,True,False
CONT099,UAE MEP Group 99,MEP Contractor,Mechanical Electrical Plumbing,UAE,DM-CONT-78254,Grade A,1999,6,9,1,48350,DEV0006,64.4,88.5,4.2,75.9,75.2,2.9,45,2026-12-31,True,False
CONT100,China Civil Group 100,Civil,Foundations & Structural,China,DM-CONT-57399,Grade B,1990,30,36,3,17072,"DEV0003,DEV0019,DEV0008",58.6,67.4,0.0,67.8,55.9,3.5,90,2027-12-31,True,False
CONT101,China Main Group 101,Main Contractor,High-Rise Residential,China,DM-CONT-52661,Grade A,1996,30,42,1,24010,DEV0019,56.4,47.8,21.6,79.7,96.8,4.0,60,2026-12-31,True,False
CONT102,China MEP Group 102,MEP Contractor,Mechanical Electrical Plumbing,China,DM-CONT-74643,Grade A,2008,17,1,1,138178,DEV0013,60.9,66.1,9.8,82.3,80.3,3.5,30,2026-12-31,True,False
CONT103,UAE Main Group 103,Main Contractor,High-Rise Residential,UAE,DM-CONT-15527,Grade C,2015,7,1,4,30067,"DEV0015,DEV0020,DEV0017",80.3,74.4,4.7,88.8,72.9,4.0,45,2028-12-31,False,False
CONT104,UAE Civil Group 104,Civil,Foundations & Structural,UAE,DM-CONT-95151,Grade C,2000,8,19,3,9588,"DEV0007,DEV0002,DEV0010",47.8,70.3,11.0,64.1,59.9,3.3,60,2026-12-31,False,False
CONT105,Turkey Landscaping Group 105,Landscaping,Hardscaping & Irrigation,Turkey,DM-CONT-62103,Grade B,2006,11,11,4,45007,"DEV0006,DEV0010,DEV0020",69.5,87.2,13.9,81.2,63.3,3.9,90,2028-12-31,True,False
CONT106,UAE Façade Group 106,Façade,Curtain Wall & Cladding,UAE,DM-CONT-19985,Grade B,1989,1,4,2,24381,"DEV0014,DEV0015,DEV0018",63.2,75.0,17.2,84.6,87.3,3.7,45,2026-12-31,True,False
CONT107,India MEP Group 107,MEP Contractor,Mechanical Electrical Plumbing,India,DM-CONT-39928,Grade B,2007,12,5,2,5705,DEV0003,40.0,63.7,12.2,74.1,71.7,3.8,90,2026-12-31,True,False
CONT108,South Korea Façade Group 108,Façade,Curtain Wall & Cladding,South Korea,DM-CONT-45132,Grade C,2013,9,8,2,43460,"DEV0014,DEV0003",87.5,55.0,9.2,79.7,61.9,4.6,45,2028-12-31,False,False
CONT109,India Main Group 109,Main Contractor,High-Rise Residential,India,DM-CONT-70848,Grade B,2002,23,9,3,20545,DEV0018,73.0,64.1,2.4,55.2,75.1,3.3,45,2026-12-31,True,True
CONT110,UAE Façade Group 110,Façade,Curtain Wall & Cladding,UAE,DM-CONT-96267,Grade C,2004,9,3,1,108139,DEV0018,69.4,71.7,11.7,63.9,77.8,3.8,60,2027-12-31,False,False
CONT111,India Landscaping Group 111,Landscaping,Hardscaping & Irrigation,India,DM-CONT-35144,Grade B,1987,20,29,1,31585,"DEV0016,DEV0018,DEV0004",67.9,91.1,19.6,67.7,82.9,2.4,45,2026-12-31,True,False
CONT112,India MEP Group 112,MEP Contractor,Mechanical Electrical Plumbing,India,DM-CONT-24427,Grade A,2018,1,3,2,14032,"DEV0019,DEV0016,DEV0005",54.3,72.8,4.5,85.3,99.8,4.0,60,2027-12-31,True,False
CONT113,China Landscaping Group 113,Landscaping,Hardscaping & Irrigation,China,DM-CONT-75121,Grade B,2014,8,7,2,58419,"DEV0014,DEV0003,DEV0002",68.8,47.0,3.6,80.9,65.0,3.2,30,2028-12-31,True,False
CONT114,UAE Façade Group 114,Façade,Curtain Wall & Cladding,UAE,DM-CONT-94307,Grade A,1986,34,4,3,40187,"DEV0014,DEV0016",74.1,49.2,4.6,55.9,83.8,5.0,45,2026-12-31,True,False
CONT115,UK Main Group 115,Main Contractor,High-Rise Residential,UK,DM-CONT-42027,Grade B,2016,9,6,3,150415,"DEV0004,DEV0005",75.7,79.0,2.2,63.6,73.9,3.4,60,2026-12-31,True,False
CONT116,South Korea Façade Group 116,Façade,Curtain Wall & Cladding,South Korea,DM-CONT-50566,Grade B,2017,2,3,1,24500,"DEV0008,DEV0016",84.8,78.6,15.7,86.0,85.9,4.6,90,2027-12-31,True,False
CONT117,UAE Interior Group 117,Interior Fit-Out,Luxury Interior Finishing,UAE,DM-CONT-57416,Grade C,2010,9,17,9,124444,DEV0002,66.7,83.5,9.3,100.0,79.8,3.6,30,2028-12-31,False,False
CONT118,China Main Group 118,Main Contractor,High-Rise Residential,China,DM-CONT-40442,Grade C,2013,7,3,21,64919,"DEV0016,DEV0001",57.0,72.4,15.9,57.4,87.4,3.9,45,2026-12-31,False,False
CONT119,UAE MEP Group 119,MEP Contractor,Mechanical Electrical Plumbing,UAE,DM-CONT-80449,Grade A,1996,4,7,3,42201,DEV0001,75.5,83.8,0.0,51.9,50.1,3.0,60,2026-12-31,True,False
CONT120,Pakistan Interior Group 120,Interior Fit-Out,Luxury Interior Finishing,Pakistan,DM-CONT-27680,Grade B,2004,6,8,1,45724,DEV0007,67.2,80.8,5.9,87.3,97.9,3.1,30,2028-12-31,True,False
CONT121,China MEP Group 121,MEP Contractor,Mechanical Electrical Plumbing,China,DM-CONT-84770,Grade A,2015,11,12,6,168676,"DEV0002,DEV0002",72.8,84.2,23.3,87.5,73.7,3.6,45,2026-12-31,True,False
CONT122,India MEP Group 122,MEP Contractor,Mechanical Electrical Plumbing,India,DM-CONT-38038,Grade B,2010,5,3,2,12131,"DEV0013,DEV0007",75.0,82.5,9.0,52.9,66.3,4.3,60,2027-12-31,True,False
CONT123,China MEP Group 123,MEP Contractor,Mechanical Electrical Plumbing,China,DM-CONT-82979,Grade B,1998,7,3,4,107532,DEV0010,81.7,76.9,3.9,73.7,76.3,4.1,60,2026-12-31,True,False
CONT124,China Façade Group 124,Façade,Curtain Wall & Cladding,China,DM-CONT-22011,Grade A,2016,2,8,2,6298,DEV0015,69.0,56.4,9.6,64.7,70.3,4.0,45,2026-12-31,True,False
CONT125,Egypt Interior Group 125,Interior Fit-Out,Luxury Interior Finishing,Egypt,DM-CONT-23621,Grade A,1994,6,2,3,13904,"DEV0020,DEV0019,DEV0018",72.4,67.4,6.7,90.8,83.9,3.1,45,2027-12-31,True,False
CONT126,UAE MEP Group 126,MEP Contractor,Mechanical Electrical Plumbing,UAE,DM-CONT-82815,Grade B,2008,17,17,2,96419,"DEV0019,DEV0013,DEV0003",66.9,58.3,0.0,65.0,84.6,2.7,90,2027-12-31,True,False
CONT127,India MEP Group 127,MEP Contractor,Mechanical Electrical Plumbing,India,DM-CONT-72826,Grade C,1987,27,9,9,61387,"DEV0007,DEV0019,DEV0019",85.7,62.8,9.6,84.8,90.5,3.7,45,2026-12-31,False,False
CONT128,Turkey Main Group 128,Main Contractor,High-Rise Residential,Turkey,DM-CONT-59722,Grade B,1989,21,15,5,59545,"DEV0015,DEV0011,DEV0020",65.2,53.3,0.0,50.0,90.5,3.8,30,2027-12-31,True,False
CONT129,UAE Civil Group 129,Civil,Foundations & Structural,UAE,DM-CONT-48101,Grade B,1992,8,6,1,40023,DEV0010,74.0,100.0,4.4,78.2,81.6,4.5,45,2027-12-31,True,False
CONT130,China Civil Group 130,Civil,Foundations & Structural,China,DM-CONT-82006,Grade A,2016,1,18,2,14909,"DEV0006,DEV0009,DEV0014",74.8,61.0,0.0,65.2,100.0,4.9,30,2027-12-31,True,False
CONT131,India Civil Group 131,Civil,Foundations & Structural,India,DM-CONT-97215,Grade C,2001,18,32,4,37976,"DEV0009,DEV0001",66.0,85.5,13.3,64.9,84.4,3.9,45,2028-12-31,False,False
CONT132,South Korea Landscaping Group 132,Landscaping,Hardscaping & Irrigation,South Korea,DM-CONT-52090,Grade A,1992,26,6,4,11302,"DEV0002,DEV0005",74.1,100.0,11.4,100.0,86.4,2.9,60,2027-12-31,True,False
CONT133,UAE Interior Group 133,Interior Fit-Out,Luxury Interior Finishing,UAE,DM-CONT-72621,Grade B,2007,13,16,4,24899,"DEV0015,DEV0009,DEV0011",96.4,64.5,6.0,80.0,77.6,3.5,60,2028-12-31,True,False
CONT134,India MEP Group 134,MEP Contractor,Mechanical Electrical Plumbing,India,DM-CONT-81758,Grade B,2017,8,6,6,30052,"DEV0004,DEV0001,DEV0020",63.1,64.5,14.4,65.4,75.5,3.5,60,2027-12-31,True,False
CONT135,UAE Main Group 135,Main Contractor,High-Rise Residential,UAE,DM-CONT-79160,Grade B,1996,5,5,7,27046,"DEV0001,DEV0016,DEV0014",54.1,68.6,16.0,74.6,97.3,2.9,60,2027-12-31,True,False
CONT136,Egypt MEP Group 136,MEP Contractor,Mechanical Electrical Plumbing,Egypt,DM-CONT-47572,Grade B,2013,5,45,6,13874,"DEV0010,DEV0019",100.0,100.0,4.4,69.6,82.0,3.3,90,2026-12-31,True,False
CONT137,India MEP Group 137,MEP Contractor,Mechanical Electrical Plumbing,India,DM-CONT-69729,Grade A,2012,4,26,1,21747,"DEV0010,DEV0013",87.1,79.2,9.1,86.3,98.8,3.2,60,2026-12-31,True,False
CONT138,UK Landscaping Group 138,Landscaping,Hardscaping & Irrigation,UK,DM-CONT-87315,Grade B,2003,10,2,1,58435,DEV0013,80.8,73.4,0.0,52.0,89.9,2.5,60,2027-12-31,True,False
CONT139,Germany MEP Group 139,MEP Contractor,Mechanical Electrical Plumbing,Germany,DM-CONT-48176,Grade B,2008,8,3,4,104462,DEV0006,66.4,74.4,10.0,69.9,100.0,3.8,45,2026-12-31,True,False
CONT140,South Korea MEP Group 140,MEP Contractor,Mechanical Electrical Plumbing,South Korea,DM-CONT-93751,Grade C,2013,10,5,5,43145,"DEV0010,DEV0013",100.0,59.8,16.7,80.9,59.9,4.2,45,2027-12-31,False,False
CONT141,Pakistan MEP Group 141,MEP Contractor,Mechanical Electrical Plumbing,Pakistan,DM-CONT-36116,Grade C,1985,21,17,4,7542,"DEV0001,DEV0016,DEV0007",54.3,76.0,8.2,68.8,51.2,3.5,90,2026-12-31,False,False
CONT142,UK Façade Group 142,Façade,Curtain Wall & Cladding,UK,DM-CONT-75834,Grade A,2014,7,3,1,87541,"DEV0008,DEV0018",60.8,96.8,16.5,61.0,89.3,4.0,60,2026-12-31,True,False
CONT143,India Landscaping Group 143,Landscaping,Hardscaping & Irrigation,India,DM-CONT-57427,Grade B,2006,7,13,4,42049,"DEV0009,DEV0004",77.9,69.3,7.8,79.6,58.4,4.3,30,2028-12-31,True,False
CONT144,Turkey Main Group 144,Main Contractor,High-Rise Residential,Turkey,DM-CONT-54023,Grade C,1996,1,6,2,65889,DEV0010,91.8,69.8,7.5,74.4,75.3,4.0,90,2028-12-31,False,False
CONT145,Pakistan Main Group 145,Main Contractor,High-Rise Residential,Pakistan,DM-CONT-82669,Grade B,1994,19,3,2,67587,"DEV0020,DEV0001",61.3,70.0,19.4,69.5,61.8,3.7,30,2027-12-31,True,False
CONT146,India Civil Group 146,Civil,Foundations & Structural,India,DM-CONT-37299,Grade B,2015,5,12,2,66132,DEV0013,62.2,56.0,13.9,79.9,63.2,3.9,45,2027-12-31,True,False
CONT147,UK Civil Group 147,Civil,Foundations & Structural,UK,DM-CONT-83853,Grade A,1991,18,23,1,256945,"DEV0006,DEV0009,DEV0013",63.4,84.8,8.9,71.8,79.7,3.5,30,2026-12-31,True,False
CONT148,India Interior Group 148,Interior Fit-Out,Luxury Interior Finishing,India,DM-CONT-96607,Grade C,1991,20,8,2,33326,DEV0010,98.4,69.8,11.8,69.8,86.9,3.8,30,2028-12-31,False,False
CONT149,India Façade Group 149,Façade,Curtain Wall & Cladding,India,DM-CONT-81121,Grade C,2015,4,10,2,11799,"DEV0009,DEV0006",70.9,37.2,0.0,69.9,63.9,4.4,45,2027-12-31,False,False
CONT150,China Façade Group 150,Façade,Curtain Wall & Cladding,China,DM-CONT-48927,Grade B,1997,8,3,1,26346,"DEV0006,DEV0006",74.3,63.3,0.0,77.6,85.2,4.2,60,2027-12-31,True,False
CONT151,UAE Civil Group 151,Civil,Foundations & Structural,UAE,DM-CONT-18516,Grade B,1991,13,4,3,178607,DEV0016,62.8,70.3,11.4,89.2,65.1,5.0,45,2027-12-31,True,False
CONT152,UAE Main Group 152,Main Contractor,High-Rise Residential,UAE,DM-CONT-25496,Grade A,2017,5,2,4,123007,"DEV0016,DEV0009,DEV0002",60.0,55.1,13.8,80.7,62.1,3.0,45,2027-12-31,True,False
CONT153,UAE MEP Group 153,MEP Contractor,Mechanical Electrical Plumbing,UAE,DM-CONT-74716,Grade B,2010,16,8,3,9834,"DEV0014,DEV0002,DEV0008",45.5,58.9,17.3,71.9,75.7,3.4,60,2026-12-31,True,False
CONT154,Egypt Main Group 154,Main Contractor,High-Rise Residential,Egypt,DM-CONT-80188,Grade B,2014,8,16,9,71484,"DEV0001,DEV0004,DEV0015",93.8,72.5,4.7,93.4,55.8,4.4,45,2027-12-31,True,False
CONT155,UAE Civil Group 155,Civil,Foundations & Structural,UAE,DM-CONT-73187,Grade C,2002,19,20,6,92888,DEV0015,66.9,85.4,0.9,97.3,79.7,2.9,45,2028-12-31,False,True
CONT156,Turkey Façade Group 156,Façade,Curtain Wall & Cladding,Turkey,DM-CONT-78286,Grade B,1997,19,12,7,44459,"DEV0015,DEV0015,DEV0016",86.9,55.9,13.3,59.1,86.2,3.8,60,2026-12-31,True,False
CONT157,China Façade Group 157,Façade,Curtain Wall & Cladding,China,DM-CONT-50271,Grade A,2019,1,6,9,49705,"DEV0001,DEV0002",100.0,39.3,6.5,84.0,93.1,3.7,45,2027-12-31,True,False
CONT158,UAE Interior Group 158,Interior Fit-Out,Luxury Interior Finishing,UAE,DM-CONT-54572,Grade A,1993,7,18,8,74669,"DEV0003,DEV0009",56.5,65.6,4.2,57.5,73.8,3.6,30,2028-12-31,True,False
CONT159,India Façade Group 159,Façade,Curtain Wall & Cladding,India,DM-CONT-38520,Grade C,1987,10,39,3,9826,"DEV0020,DEV0018",62.8,74.9,10.8,90.0,61.2,3.9,30,2028-12-31,False,False
CONT160,China MEP Group 160,MEP Contractor,Mechanical Electrical Plumbing,China,DM-CONT-70241,Grade A,2012,10,13,1,64473,DEV0002,76.8,87.2,10.0,86.8,84.9,3.8,60,2026-12-31,True,False
CONT161,China MEP Group 161,MEP Contractor,Mechanical Electrical Plumbing,China,DM-CONT-61504,Grade B,2007,10,3,2,129157,"DEV0003,DEV0010",59.5,67.6,9.2,71.4,83.2,3.3,60,2027-12-31,True,False
CONT162,China Main Group 162,Main Contractor,High-Rise Residential,China,DM-CONT-45357,Grade B,2004,9,12,7,71810,DEV0010,78.1,72.4,9.9,70.8,59.7,2.5,30,2027-12-31,True,False
CONT163,China Civil Group 163,Civil,Foundations & Structural,China,DM-CONT-76459,Grade A,2001,19,1,3,173850,"DEV0005,DEV0011",57.8,48.8,8.0,68.5,83.3,3.7,30,2027-12-31,True,False
CONT164,China MEP Group 164,MEP Contractor,Mechanical Electrical Plumbing,China,DM-CONT-37674,Grade B,2017,6,17,2,20364,"DEV0014,DEV0012",58.0,86.7,14.6,67.7,86.9,2.6,90,2026-12-31,True,False
CONT165,South Korea Main Group 165,Main Contractor,High-Rise Residential,South Korea,DM-CONT-68244,Grade B,1999,23,44,2,56496,"DEV0003,DEV0017",85.9,65.8,14.0,84.5,81.8,4.3,45,2028-12-31,True,False
CONT166,Turkey Civil Group 166,Civil,Foundations & Structural,Turkey,DM-CONT-86925,Grade B,2003,7,19,4,24043,DEV0001,80.1,81.6,2.5,74.7,88.6,3.2,90,2027-12-31,True,False
CONT167,India Landscaping Group 167,Landscaping,Hardscaping & Irrigation,India,DM-CONT-54488,Grade C,1991,16,18,14,25148,"DEV0004,DEV0018,DEV0001",76.8,59.4,17.6,63.3,50.0,4.6,45,2028-12-31,False,False
CONT168,Turkey MEP Group 168,MEP Contractor,Mechanical Electrical Plumbing,Turkey,DM-CONT-25027,Grade B,2011,4,7,4,125318,"DEV0008,DEV0002,DEV0005",67.4,47.3,2.7,64.5,92.3,3.8,45,2026-12-31,True,False
CONT169,South Korea Façade Group 169,Façade,Curtain Wall & Cladding,South Korea,DM-CONT-70957,Grade C,2016,10,12,2,41839,"DEV0002,DEV0012",47.2,69.6,9.9,77.2,75.3,3.7,60,2026-12-31,False,False
CONT170,China Façade Group 170,Façade,Curtain Wall & Cladding,China,DM-CONT-12128,Grade A,1989,27,3,9,10469,"DEV0014,DEV0019",62.0,77.4,16.9,93.5,98.8,4.4,30,2026-12-31,True,False
CONT171,UAE Main Group 171,Main Contractor,High-Rise Residential,UAE,DM-CONT-31691,Grade B,2017,1,6,1,271212,"DEV0013,DEV0020",94.4,96.4,1.1,74.2,78.9,3.5,60,2026-12-31,True,False
CONT172,China Main Group 172,Main Contractor,High-Rise Residential,China,DM-CONT-51396,Grade B,1995,24,16,4,19261,"DEV0008,DEV0006,DEV0012",85.3,72.8,10.4,60.8,88.4,4.0,30,2028-12-31,True,False
CONT173,UAE Interior Group 173,Interior Fit-Out,Luxury Interior Finishing,UAE,DM-CONT-13739,Grade B,1999,10,62,1,39603,"DEV0011,DEV0001,DEV0015",66.0,100.0,0.5,73.3,81.9,3.8,60,2026-12-31,True,False
CONT174,India Civil Group 174,Civil,Foundations & Structural,India,DM-CONT-58734,Grade B,2016,7,8,1,22499,DEV0007,59.7,55.0,7.1,80.1,76.4,4.2,30,2028-12-31,True,False
CONT175,India MEP Group 175,MEP Contractor,Mechanical Electrical Plumbing,India,DM-CONT-45508,Grade B,1990,16,24,11,67067,"DEV0017,DEV0008,DEV0004",71.2,54.5,6.5,66.4,90.1,3.2,30,2026-12-31,True,False
CONT176,India Civil Group 176,Civil,Foundations & Structural,India,DM-CONT-44132,Grade C,2006,8,45,2,36964,DEV0008,100.0,83.2,7.5,65.3,83.7,4.1,60,2028-12-31,False,False
CONT177,India Façade Group 177,Façade,Curtain Wall & Cladding,India,DM-CONT-70380,Grade B,2007,16,13,5,65630,"DEV0007,DEV0003,DEV0013",86.4,56.4,10.5,67.8,85.3,3.5,30,2026-12-31,True,False
CONT178,Egypt Interior Group 178,Interior Fit-Out,Luxury Interior Finishing,Egypt,DM-CONT-93696,Grade A,2011,13,10,1,49719,"DEV0002,DEV0018,DEV0001",77.7,61.1,11.8,77.6,84.4,3.0,60,2027-12-31,True,False
CONT179,China Civil Group 179,Civil,Foundations & Structural,China,DM-CONT-11796,Grade B,1994,1,22,3,18664,"DEV0004,DEV0018,DEV0003",53.2,74.6,18.7,78.4,74.4,3.7,45,2027-12-31,True,False
CONT180,Germany Interior Group 180,Interior Fit-Out,Luxury Interior Finishing,Germany,DM-CONT-50291,Grade C,2012,12,3,1,61453,DEV0019,68.9,77.6,18.1,58.4,74.5,3.5,90,2028-12-31,False,False
CONT181,Turkey Main Group 181,Main Contractor,High-Rise Residential,Turkey,DM-CONT-81500,Grade C,1993,3,9,3,136413,"DEV0015,DEV0020,DEV0005",70.5,83.7,1.4,76.3,78.2,3.1,30,2026-12-31,False,False
CONT182,UK MEP Group 182,MEP Contractor,Mechanical Electrical Plumbing,UK,DM-CONT-26564,Grade A,2001,10,12,11,68141,"DEV0002,DEV0018,DEV0003",72.3,59.0,0.1,66.7,89.6,3.6,30,2026-12-31,True,False
CONT183,UK Interior Group 183,Interior Fit-Out,Luxury Interior Finishing,UK,DM-CONT-31021,Grade B,2006,11,37,1,204490,DEV0011,84.6,79.6,4.3,55.6,77.2,3.5,90,2028-12-31,True,False
CONT184,UK Façade Group 184,Façade,Curtain Wall & Cladding,UK,DM-CONT-92128,Grade B,2004,10,2,14,126594,DEV0016,76.0,67.2,10.8,80.9,69.7,4.0,60,2026-12-31,True,False
CONT185,UAE Façade Group 185,Façade,Curtain Wall & Cladding,UAE,DM-CONT-76454,Grade B,1998,14,1,6,151586,"DEV0020,DEV0005",71.5,80.9,10.4,75.0,73.3,4.7,60,2027-12-31,True,False
CONT186,China Civil Group 186,Civil,Foundations & Structural,China,DM-CONT-39080,Grade B,2005,5,6,1,5799,"DEV0015,DEV0013",57.3,47.0,6.4,73.7,77.5,3.6,45,2028-12-31,True,False
CONT187,Egypt Interior Group 187,Interior Fit-Out,Luxury Interior Finishing,Egypt,DM-CONT-28643,Grade C,2000,1,12,10,26306,"DEV0007,DEV0004",71.2,58.9,0.0,56.9,83.8,2.8,45,2027-12-31,False,False
CONT188,India Main Group 188,Main Contractor,High-Rise Residential,India,DM-CONT-44286,Grade B,1994,18,28,1,85285,DEV0003,61.4,63.7,7.5,66.1,73.8,4.1,60,2026-12-31,True,False
CONT189,India Civil Group 189,Civil,Foundations & Structural,India,DM-CONT-81580,Grade B,2017,6,10,7,81188,DEV0013,69.0,80.6,19.9,75.2,67.1,3.6,60,2027-12-31,True,False
CONT190,Turkey Landscaping Group 190,Landscaping,Hardscaping & Irrigation,Turkey,DM-CONT-35828,Grade A,2007,6,12,2,27205,"DEV0018,DEV0006,DEV0008",70.2,43.7,1.6,87.3,58.3,4.7,60,2026-12-31,True,False
CONT191,UAE Façade Group 191,Façade,Curtain Wall & Cladding,UAE,DM-CONT-48150,Grade A,2000,25,27,3,58315,DEV0001,67.8,84.1,19.7,60.4,71.6,3.8,60,2028-12-31,True,False
CONT192,UAE Civil Group 192,Civil,Foundations & Structural,UAE,DM-CONT-89469,Grade B,2015,11,11,1,19359,"DEV0010,DEV0019,DEV0019",81.0,52.5,14.4,81.0,78.4,4.4,30,2026-12-31,True,False
CONT193,Germany Interior Group 193,Interior Fit-Out,Luxury Interior Finishing,Germany,DM-CONT-64545,Grade B,2004,7,7,4,34613,DEV0020,100.0,48.5,0.0,73.0,57.6,5.0,45,2026-12-31,True,False
CONT194,UK Landscaping Group 194,Landscaping,Hardscaping & Irrigation,UK,DM-CONT-74247,Grade B,1999,26,69,3,11292,DEV0020,81.7,75.9,0.0,88.7,65.1,3.7,45,2027-12-31,True,False
CONT195,India MEP Group 195,MEP Contractor,Mechanical Electrical Plumbing,India,DM-CONT-45816,Grade C,1999,14,22,2,7026,"DEV0015,DEV0017,DEV0019",66.3,66.6,7.2,69.1,76.3,3.5,45,2028-12-31,False,False
CONT196,UAE Façade Group 196,Façade,Curtain Wall & Cladding,UAE,DM-CONT-11241,Grade A,2006,1,6,2,140206,DEV0017,68.7,36.2,6.4,70.5,93.4,4.0,90,2028-12-31,True,False
CONT197,UAE MEP Group 197,MEP Contractor,Mechanical Electrical Plumbing,UAE,DM-CONT-24980,Grade A,2003,12,27,3,44388,DEV0019,44.0,86.6,17.1,93.6,84.5,3.6,45,2026-12-31,True,False
CONT198,India Façade Group 198,Façade,Curtain Wall & Cladding,India,DM-CONT-22957,Grade C,1999,9,16,3,104598,"DEV0007,DEV0013,DEV0009",77.8,87.4,5.2,75.5,83.1,4.0,45,2026-12-31,False,False
CONT199,Turkey MEP Group 199,MEP Contractor,Mechanical Electrical Plumbing,Turkey,DM-CONT-39059,Grade A,1985,28,31,6,137178,DEV0007,90.6,51.8,10.1,93.3,80.8,4.0,60,2026-12-31,True,False
CONT200,UAE Main Group 200,Main Contractor,High-Rise Residential,UAE,DM-CONT-45016,Grade B,1986,19,12,8,64047,DEV0001,87.8,94.7,13.2,62.7,75.2,3.8,45,2028-12-31,True,False
